C:\Users\a.riqborges\AppData\Local\Programs\Python\Python312\python.exe: can't open file 'C:\\Apps\\KAD_Mobile\\active_directory_mobile\\python': [Errno 2] No such file or directory
C:\Users\a.riqborges\AppData\Local\Programs\Python\Python312\python.exe: can't open file 'C:\\Apps\\KAD_Mobile\\active_directory_mobile\\python': [Errno 2] No such file or directory
C:\Users\a.riqborges\AppData\Local\Programs\Python\Python312\python.exe: can't open file 'C:\\Apps\\KAD_Mobile\\active_directory_mobile\\python': [Errno 2] No such file or directory
C:\Users\a.riqborges\AppData\Local\Programs\Python\Python312\python.exe: can't open file 'C:\\Apps\\KAD_Mobile\\active_directory_mobile\\python': [Errno 2] No such file or directory
C:\Users\a.riqborges\AppData\Local\Programs\Python\Python312\python.exe: can't open file 'C:\\Apps\\KAD_Mobile\\active_directory_mobile\\python': [Errno 2] No such file or directory
C:\Users\a.riqborges\AppData\Local\Programs\Python\Python312\python.exe: can't open file 'C:\\Apps\\KAD_Mobile\\active_directory_mobile\\python': [Errno 2] No such file or directory
C:\Users\a.riqborges\AppData\Local\Programs\Python\Python312\python.exe: can't open file 'C:\\Apps\\KAD_Mobile\\active_directory_mobile\\python': [Errno 2] No such file or directory
C:\Apps\KAD_Mobile\active_directory_mobile\.venv\Scripts\python.exe: No module named uvicorn
C:\Apps\KAD_Mobile\active_directory_mobile\.venv\Scripts\python.exe: No module named uvicorn
C:\Apps\KAD_Mobile\active_directory_mobile\.venv\Scripts\python.exe: No module named uvicorn
C:\Apps\KAD_Mobile\active_directory_mobile\.venv\Scripts\python.exe: No module named uvicorn
C:\Apps\KAD_Mobile\active_directory_mobile\.venv\Scripts\python.exe: No module named uvicorn
C:\Apps\KAD_Mobile\active_directory_mobile\.venv\Scripts\python.exe: No module named uvicorn
C:\Apps\KAD_Mobile\active_directory_mobile\.venv\Scripts\python.exe: No module named uvicorn
C:\Apps\KAD_Mobile\active_directory_mobile\.venv\Scripts\python.exe: No module named uvicorn
C:\Apps\KAD_Mobile\active_directory_mobile\.venv\Scripts\python.exe: No module named uvicorn
C:\Apps\KAD_Mobile\active_directory_mobile\.venv\Scripts\python.exe: No module named uvicorn
C:\Apps\KAD_Mobile\active_directory_mobile\.venv\Scripts\python.exe: No module named uvicorn
C:\Apps\KAD_Mobile\active_directory_mobile\.venv\Scripts\python.exe: No module named uvicorn
C:\Apps\KAD_Mobile\active_directory_mobile\.venv\Scripts\python.exe: No module named uvicorn
C:\Apps\KAD_Mobile\active_directory_mobile\.venv\Scripts\python.exe: No module named uvicorn
C:\Apps\KAD_Mobile\active_directory_mobile\.venv\Scripts\python.exe: No module named uvicorn
C:\Apps\KAD_Mobile\active_directory_mobile\.venv\Scripts\python.exe: No module named uvicorn
C:\Apps\KAD_Mobile\active_directory_mobile\.venv\Scripts\python.exe: No module named uvicorn
C:\Apps\KAD_Mobile\active_directory_mobile\.venv\Scripts\python.exe: No module named uvicorn
C:\Apps\KAD_Mobile\active_directory_mobile\.venv\Scripts\python.exe: No module named uvicorn
C:\Apps\KAD_Mobile\active_directory_mobile\.venv\Scripts\python.exe: No module named uvicorn
C:\Apps\KAD_Mobile\active_directory_mobile\.venv\Scripts\python.exe: No module named uvicorn
C:\Apps\KAD_Mobile\active_directory_mobile\.venv\Scripts\python.exe: No module named uvicorn
C:\Apps\KAD_Mobile\active_directory_mobile\.venv\Scripts\python.exe: No module named uvicorn
C:\Apps\KAD_Mobile\active_directory_mobile\.venv\Scripts\python.exe: No module named uvicorn
C:\Apps\KAD_Mobile\active_directory_mobile\.venv\Scripts\python.exe: No module named uvicorn
C:\Apps\KAD_Mobile\active_directory_mobile\.venv\Scripts\python.exe: No module named uvicorn
C:\Apps\KAD_Mobile\active_directory_mobile\.venv\Scripts\python.exe: No module named uvicorn
C:\Apps\KAD_Mobile\active_directory_mobile\.venv\Scripts\python.exe: No module named uvicorn
C:\Apps\KAD_Mobile\active_directory_mobile\.venv\Scripts\python.exe: No module named uvicorn
C:\Apps\KAD_Mobile\active_directory_mobile\.venv\Scripts\python.exe: No module named uvicorn
C:\Apps\KAD_Mobile\active_directory_mobile\.venv\Scripts\python.exe: No module named uvicorn
C:\Apps\KAD_Mobile\active_directory_mobile\.venv\Scripts\python.exe: No module named uvicorn
INFO:     Started server process [19512]
INFO:     Waiting for application startup.
INFO:     Application startup complete.
INFO:     Uvicorn running on http://0.0.0.0:8080 (Press CTRL+C to quit)
INFO:     Shutting down
INFO:     Waiting for application shutdown.
INFO:     Application shutdown complete.
INFO:     Finished server process [19512]
INFO:     Started server process [17452]
INFO:     Waiting for application startup.
INFO:     Application startup complete.
INFO:     Uvicorn running on http://0.0.0.0:8080 (Press CTRL+C to quit)
INFO:     Shutting down
INFO:     Waiting for application shutdown.
INFO:     Application shutdown complete.
INFO:     Finished server process [17452]
INFO:     Started server process [4700]
INFO:     Waiting for application startup.
INFO:     Application startup complete.
INFO:     Uvicorn running on http://0.0.0.0:8080 (Press CTRL+C to quit)
INFO:     Shutting down
INFO:     Waiting for application shutdown.
INFO:     Application shutdown complete.
INFO:     Finished server process [4700]
INFO:     Started server process [19784]
INFO:     Waiting for application startup.
INFO:     Application startup complete.
INFO:     Uvicorn running on http://0.0.0.0:8080 (Press CTRL+C to quit)
INFO:     Shutting down
INFO:     Waiting for application shutdown.
INFO:     Application shutdown complete.
INFO:     Finished server process [19784]
INFO:     Started server process [11184]
INFO:     Waiting for application startup.
INFO:     Application startup complete.
INFO:     Uvicorn running on http://0.0.0.0:8080 (Press CTRL+C to quit)
INFO:     Shutting down
INFO:     Waiting for application shutdown.
INFO:     Application shutdown complete.
INFO:     Finished server process [11184]
INFO:     Started server process [12392]
INFO:     Waiting for application startup.
INFO:     Application startup complete.
INFO:     Uvicorn running on http://0.0.0.0:8080 (Press CTRL+C to quit)
INFO:     Shutting down
INFO:     Waiting for application shutdown.
INFO:     Application shutdown complete.
INFO:     Finished server process [12392]
INFO:     Started server process [6664]
INFO:     Waiting for application startup.
INFO:     Application startup complete.
INFO:     Uvicorn running on http://0.0.0.0:8080 (Press CTRL+C to quit)
INFO:     Shutting down
INFO:     Waiting for application shutdown.
INFO:     Application shutdown complete.
INFO:     Finished server process [6664]
INFO:     Started server process [18884]
INFO:     Waiting for application startup.
INFO:     Application startup complete.
INFO:     Uvicorn running on http://0.0.0.0:8080 (Press CTRL+C to quit)
INFO:     Shutting down
INFO:     Waiting for application shutdown.
INFO:     Application shutdown complete.
INFO:     Finished server process [18884]
INFO:     Started server process [18016]
INFO:     Waiting for application startup.
INFO:     Application startup complete.
INFO:     Uvicorn running on http://0.0.0.0:8080 (Press CTRL+C to quit)
INFO:     Shutting down
INFO:     Waiting for application shutdown.
INFO:     Application shutdown complete.
INFO:     Finished server process [18016]
INFO:     Started server process [21548]
INFO:     Waiting for application startup.
INFO:     Application startup complete.
INFO:     Uvicorn running on http://0.0.0.0:8080 (Press CTRL+C to quit)
INFO:     Shutting down
INFO:     Waiting for application shutdown.
INFO:     Application shutdown complete.
INFO:     Finished server process [21548]
INFO:     Started server process [20580]
INFO:     Waiting for application startup.
INFO:     Application startup complete.
INFO:     Uvicorn running on http://0.0.0.0:8080 (Press CTRL+C to quit)
INFO:     Shutting down
INFO:     Waiting for application shutdown.
INFO:     Application shutdown complete.
INFO:     Finished server process [20580]
INFO:     Started server process [16352]
INFO:     Waiting for application startup.
INFO:     Application startup complete.
INFO:     Uvicorn running on http://0.0.0.0:8080 (Press CTRL+C to quit)
INFO:     Shutting down
INFO:     Waiting for application shutdown.
INFO:     Application shutdown complete.
INFO:     Finished server process [16352]
INFO:     Started server process [7620]
INFO:     Waiting for application startup.
INFO:     Application startup complete.
INFO:     Uvicorn running on http://0.0.0.0:8080 (Press CTRL+C to quit)
INFO:     Shutting down
INFO:     Waiting for application shutdown.
INFO:     Application shutdown complete.
INFO:     Finished server process [7620]
INFO:     Started server process [1688]
INFO:     Waiting for application startup.
INFO:     Application startup complete.
INFO:     Uvicorn running on http://0.0.0.0:8080 (Press CTRL+C to quit)
INFO:     Shutting down
INFO:     Waiting for application shutdown.
INFO:     Application shutdown complete.
INFO:     Finished server process [1688]
INFO:     Started server process [13900]
INFO:     Waiting for application startup.
INFO:     Application startup complete.
INFO:     Uvicorn running on http://0.0.0.0:8080 (Press CTRL+C to quit)
INFO:     Shutting down
INFO:     Waiting for application shutdown.
INFO:     Application shutdown complete.
INFO:     Finished server process [13900]
INFO:     Started server process [10380]
INFO:     Waiting for application startup.
INFO:     Application startup complete.
INFO:     Uvicorn running on http://0.0.0.0:8080 (Press CTRL+C to quit)
INFO:     Shutting down
INFO:     Waiting for application shutdown.
INFO:     Application shutdown complete.
INFO:     Finished server process [10380]
INFO:     Started server process [18360]
INFO:     Waiting for application startup.
INFO:     Application startup complete.
INFO:     Uvicorn running on http://0.0.0.0:8080 (Press CTRL+C to quit)
ERROR:    Exception in ASGI application
Traceback (most recent call last):
  File "C:\Apps\KAD_Mobile\active_directory_mobile\.venv\Lib\site-packages\starlette\responses.py", line 349, in __call__
    stat_result = await anyio.to_thread.run_sync(os.stat, self.path)
                  ^^^^^^^^^^^^^^^^^^^^^^^^^^^^^^^^^^^^^^^^^^^^^^^^^^
  File "C:\Apps\KAD_Mobile\active_directory_mobile\.venv\Lib\site-packages\anyio\to_thread.py", line 65, in run_sync
    return await get_async_backend().run_sync_in_worker_thread(
           ^^^^^^^^^^^^^^^^^^^^^^^^^^^^^^^^^^^^^^^^^^^^^^^^^^^^
  File "C:\Apps\KAD_Mobile\active_directory_mobile\.venv\Lib\site-packages\anyio\_backends\_asyncio.py", line 2641, in run_sync_in_worker_thread
    return await future
           ^^^^^^^^^^^^
  File "C:\Apps\KAD_Mobile\active_directory_mobile\.venv\Lib\site-packages\anyio\_backends\_asyncio.py", line 1033, in run
    result = context.run(func, *args)
             ^^^^^^^^^^^^^^^^^^^^^^^^
FileNotFoundError: [WinError 2] The system cannot find the file specified: 'C:\\Apps\\KAD_Mobile\\active_directory_mobile\\kad-pwa\\dist\\favicon.ico'

During handling of the above exception, another exception occurred:

Traceback (most recent call last):
  File "C:\Apps\KAD_Mobile\active_directory_mobile\.venv\Lib\site-packages\uvicorn\protocols\http\httptools_impl.py", line 422, in run_asgi
    result = await app(  # type: ignore[func-returns-value]
             ^^^^^^^^^^^^^^^^^^^^^^^^^^^^^^^^^^^^^^^^^^^^^^
  File "C:\Apps\KAD_Mobile\active_directory_mobile\.venv\Lib\site-packages\uvicorn\middleware\proxy_headers.py", line 63, in __call__
    return await self.app(scope, receive, send)
           ^^^^^^^^^^^^^^^^^^^^^^^^^^^^^^^^^^^^
  File "C:\Apps\KAD_Mobile\active_directory_mobile\.venv\Lib\site-packages\fastapi\applications.py", line 1163, in __call__
    await super().__call__(scope, receive, send)
  File "C:\Apps\KAD_Mobile\active_directory_mobile\.venv\Lib\site-packages\starlette\applications.py", line 90, in __call__
    await self.middleware_stack(scope, receive, send)
  File "C:\Apps\KAD_Mobile\active_directory_mobile\.venv\Lib\site-packages\starlette\middleware\errors.py", line 186, in __call__
    raise exc
  File "C:\Apps\KAD_Mobile\active_directory_mobile\.venv\Lib\site-packages\starlette\middleware\errors.py", line 164, in __call__
    await self.app(scope, receive, _send)
  File "C:\Apps\KAD_Mobile\active_directory_mobile\.venv\Lib\site-packages\starlette\middleware\cors.py", line 88, in __call__
    await self.app(scope, receive, send)
  File "C:\Apps\KAD_Mobile\active_directory_mobile\.venv\Lib\site-packages\starlette\middleware\exceptions.py", line 63, in __call__
    await wrap_app_handling_exceptions(self.app, conn)(scope, receive, send)
  File "C:\Apps\KAD_Mobile\active_directory_mobile\.venv\Lib\site-packages\starlette\_exception_handler.py", line 53, in wrapped_app
    raise exc
  File "C:\Apps\KAD_Mobile\active_directory_mobile\.venv\Lib\site-packages\starlette\_exception_handler.py", line 42, in wrapped_app
    await app(scope, receive, sender)
  File "C:\Apps\KAD_Mobile\active_directory_mobile\.venv\Lib\site-packages\fastapi\middleware\asyncexitstack.py", line 18, in __call__
    await self.app(scope, receive, send)
  File "C:\Apps\KAD_Mobile\active_directory_mobile\.venv\Lib\site-packages\starlette\routing.py", line 660, in __call__
    await self.middleware_stack(scope, receive, send)
  File "C:\Apps\KAD_Mobile\active_directory_mobile\.venv\Lib\site-packages\fastapi\routing.py", line 2734, in app
    await route.handle(scope, receive, send)
  File "C:\Apps\KAD_Mobile\active_directory_mobile\.venv\Lib\site-packages\fastapi\routing.py", line 1281, in handle
    await super().handle(scope, receive, send)
  File "C:\Apps\KAD_Mobile\active_directory_mobile\.venv\Lib\site-packages\starlette\routing.py", line 276, in handle
    await self.app(scope, receive, send)
  File "C:\Apps\KAD_Mobile\active_directory_mobile\.venv\Lib\site-packages\fastapi\routing.py", line 158, in app
    await wrap_app_handling_exceptions(app, request)(scope, receive, send)
  File "C:\Apps\KAD_Mobile\active_directory_mobile\.venv\Lib\site-packages\starlette\_exception_handler.py", line 53, in wrapped_app
    raise exc
  File "C:\Apps\KAD_Mobile\active_directory_mobile\.venv\Lib\site-packages\starlette\_exception_handler.py", line 42, in wrapped_app
    await app(scope, receive, sender)
  File "C:\Apps\KAD_Mobile\active_directory_mobile\.venv\Lib\site-packages\fastapi\routing.py", line 145, in app
    await response(scope, receive, send)
  File "C:\Apps\KAD_Mobile\active_directory_mobile\.venv\Lib\site-packages\starlette\responses.py", line 352, in __call__
    raise RuntimeError(f"File at path {self.path} does not exist.")
RuntimeError: File at path C:\Apps\KAD_Mobile\active_directory_mobile\kad-pwa\dist\favicon.ico does not exist.
ERROR:    Exception in ASGI application
Traceback (most recent call last):
  File "C:\Apps\KAD_Mobile\active_directory_mobile\.venv\Lib\site-packages\starlette\responses.py", line 349, in __call__
    stat_result = await anyio.to_thread.run_sync(os.stat, self.path)
                  ^^^^^^^^^^^^^^^^^^^^^^^^^^^^^^^^^^^^^^^^^^^^^^^^^^
  File "C:\Apps\KAD_Mobile\active_directory_mobile\.venv\Lib\site-packages\anyio\to_thread.py", line 65, in run_sync
    return await get_async_backend().run_sync_in_worker_thread(
           ^^^^^^^^^^^^^^^^^^^^^^^^^^^^^^^^^^^^^^^^^^^^^^^^^^^^
  File "C:\Apps\KAD_Mobile\active_directory_mobile\.venv\Lib\site-packages\anyio\_backends\_asyncio.py", line 2641, in run_sync_in_worker_thread
    return await future
           ^^^^^^^^^^^^
  File "C:\Apps\KAD_Mobile\active_directory_mobile\.venv\Lib\site-packages\anyio\_backends\_asyncio.py", line 1033, in run
    result = context.run(func, *args)
             ^^^^^^^^^^^^^^^^^^^^^^^^
FileNotFoundError: [WinError 2] The system cannot find the file specified: 'C:\\Apps\\KAD_Mobile\\active_directory_mobile\\kad-pwa\\dist\\favicon.ico'

During handling of the above exception, another exception occurred:

Traceback (most recent call last):
  File "C:\Apps\KAD_Mobile\active_directory_mobile\.venv\Lib\site-packages\uvicorn\protocols\http\httptools_impl.py", line 422, in run_asgi
    result = await app(  # type: ignore[func-returns-value]
             ^^^^^^^^^^^^^^^^^^^^^^^^^^^^^^^^^^^^^^^^^^^^^^
  File "C:\Apps\KAD_Mobile\active_directory_mobile\.venv\Lib\site-packages\uvicorn\middleware\proxy_headers.py", line 63, in __call__
    return await self.app(scope, receive, send)
           ^^^^^^^^^^^^^^^^^^^^^^^^^^^^^^^^^^^^
  File "C:\Apps\KAD_Mobile\active_directory_mobile\.venv\Lib\site-packages\fastapi\applications.py", line 1163, in __call__
    await super().__call__(scope, receive, send)
  File "C:\Apps\KAD_Mobile\active_directory_mobile\.venv\Lib\site-packages\starlette\applications.py", line 90, in __call__
    await self.middleware_stack(scope, receive, send)
  File "C:\Apps\KAD_Mobile\active_directory_mobile\.venv\Lib\site-packages\starlette\middleware\errors.py", line 186, in __call__
    raise exc
  File "C:\Apps\KAD_Mobile\active_directory_mobile\.venv\Lib\site-packages\starlette\middleware\errors.py", line 164, in __call__
    await self.app(scope, receive, _send)
  File "C:\Apps\KAD_Mobile\active_directory_mobile\.venv\Lib\site-packages\starlette\middleware\cors.py", line 88, in __call__
    await self.app(scope, receive, send)
  File "C:\Apps\KAD_Mobile\active_directory_mobile\.venv\Lib\site-packages\starlette\middleware\exceptions.py", line 63, in __call__
    await wrap_app_handling_exceptions(self.app, conn)(scope, receive, send)
  File "C:\Apps\KAD_Mobile\active_directory_mobile\.venv\Lib\site-packages\starlette\_exception_handler.py", line 53, in wrapped_app
    raise exc
  File "C:\Apps\KAD_Mobile\active_directory_mobile\.venv\Lib\site-packages\starlette\_exception_handler.py", line 42, in wrapped_app
    await app(scope, receive, sender)
  File "C:\Apps\KAD_Mobile\active_directory_mobile\.venv\Lib\site-packages\fastapi\middleware\asyncexitstack.py", line 18, in __call__
    await self.app(scope, receive, send)
  File "C:\Apps\KAD_Mobile\active_directory_mobile\.venv\Lib\site-packages\starlette\routing.py", line 660, in __call__
    await self.middleware_stack(scope, receive, send)
  File "C:\Apps\KAD_Mobile\active_directory_mobile\.venv\Lib\site-packages\fastapi\routing.py", line 2734, in app
    await route.handle(scope, receive, send)
  File "C:\Apps\KAD_Mobile\active_directory_mobile\.venv\Lib\site-packages\fastapi\routing.py", line 1281, in handle
    await super().handle(scope, receive, send)
  File "C:\Apps\KAD_Mobile\active_directory_mobile\.venv\Lib\site-packages\starlette\routing.py", line 276, in handle
    await self.app(scope, receive, send)
  File "C:\Apps\KAD_Mobile\active_directory_mobile\.venv\Lib\site-packages\fastapi\routing.py", line 158, in app
    await wrap_app_handling_exceptions(app, request)(scope, receive, send)
  File "C:\Apps\KAD_Mobile\active_directory_mobile\.venv\Lib\site-packages\starlette\_exception_handler.py", line 53, in wrapped_app
    raise exc
  File "C:\Apps\KAD_Mobile\active_directory_mobile\.venv\Lib\site-packages\starlette\_exception_handler.py", line 42, in wrapped_app
    await app(scope, receive, sender)
  File "C:\Apps\KAD_Mobile\active_directory_mobile\.venv\Lib\site-packages\fastapi\routing.py", line 145, in app
    await response(scope, receive, send)
  File "C:\Apps\KAD_Mobile\active_directory_mobile\.venv\Lib\site-packages\starlette\responses.py", line 352, in __call__
    raise RuntimeError(f"File at path {self.path} does not exist.")
RuntimeError: File at path C:\Apps\KAD_Mobile\active_directory_mobile\kad-pwa\dist\favicon.ico does not exist.
ERROR:    Exception in ASGI application
Traceback (most recent call last):
  File "C:\Apps\KAD_Mobile\active_directory_mobile\.venv\Lib\site-packages\starlette\responses.py", line 349, in __call__
    stat_result = await anyio.to_thread.run_sync(os.stat, self.path)
                  ^^^^^^^^^^^^^^^^^^^^^^^^^^^^^^^^^^^^^^^^^^^^^^^^^^
  File "C:\Apps\KAD_Mobile\active_directory_mobile\.venv\Lib\site-packages\anyio\to_thread.py", line 65, in run_sync
    return await get_async_backend().run_sync_in_worker_thread(
           ^^^^^^^^^^^^^^^^^^^^^^^^^^^^^^^^^^^^^^^^^^^^^^^^^^^^
  File "C:\Apps\KAD_Mobile\active_directory_mobile\.venv\Lib\site-packages\anyio\_backends\_asyncio.py", line 2641, in run_sync_in_worker_thread
    return await future
           ^^^^^^^^^^^^
  File "C:\Apps\KAD_Mobile\active_directory_mobile\.venv\Lib\site-packages\anyio\_backends\_asyncio.py", line 1033, in run
    result = context.run(func, *args)
             ^^^^^^^^^^^^^^^^^^^^^^^^
FileNotFoundError: [WinError 2] The system cannot find the file specified: 'C:\\Apps\\KAD_Mobile\\active_directory_mobile\\kad-pwa\\dist\\favicon.ico'

During handling of the above exception, another exception occurred:

Traceback (most recent call last):
  File "C:\Apps\KAD_Mobile\active_directory_mobile\.venv\Lib\site-packages\uvicorn\protocols\http\httptools_impl.py", line 422, in run_asgi
    result = await app(  # type: ignore[func-returns-value]
             ^^^^^^^^^^^^^^^^^^^^^^^^^^^^^^^^^^^^^^^^^^^^^^
  File "C:\Apps\KAD_Mobile\active_directory_mobile\.venv\Lib\site-packages\uvicorn\middleware\proxy_headers.py", line 63, in __call__
    return await self.app(scope, receive, send)
           ^^^^^^^^^^^^^^^^^^^^^^^^^^^^^^^^^^^^
  File "C:\Apps\KAD_Mobile\active_directory_mobile\.venv\Lib\site-packages\fastapi\applications.py", line 1163, in __call__
    await super().__call__(scope, receive, send)
  File "C:\Apps\KAD_Mobile\active_directory_mobile\.venv\Lib\site-packages\starlette\applications.py", line 90, in __call__
    await self.middleware_stack(scope, receive, send)
  File "C:\Apps\KAD_Mobile\active_directory_mobile\.venv\Lib\site-packages\starlette\middleware\errors.py", line 186, in __call__
    raise exc
  File "C:\Apps\KAD_Mobile\active_directory_mobile\.venv\Lib\site-packages\starlette\middleware\errors.py", line 164, in __call__
    await self.app(scope, receive, _send)
  File "C:\Apps\KAD_Mobile\active_directory_mobile\.venv\Lib\site-packages\starlette\middleware\cors.py", line 88, in __call__
    await self.app(scope, receive, send)
  File "C:\Apps\KAD_Mobile\active_directory_mobile\.venv\Lib\site-packages\starlette\middleware\exceptions.py", line 63, in __call__
    await wrap_app_handling_exceptions(self.app, conn)(scope, receive, send)
  File "C:\Apps\KAD_Mobile\active_directory_mobile\.venv\Lib\site-packages\starlette\_exception_handler.py", line 53, in wrapped_app
    raise exc
  File "C:\Apps\KAD_Mobile\active_directory_mobile\.venv\Lib\site-packages\starlette\_exception_handler.py", line 42, in wrapped_app
    await app(scope, receive, sender)
  File "C:\Apps\KAD_Mobile\active_directory_mobile\.venv\Lib\site-packages\fastapi\middleware\asyncexitstack.py", line 18, in __call__
    await self.app(scope, receive, send)
  File "C:\Apps\KAD_Mobile\active_directory_mobile\.venv\Lib\site-packages\starlette\routing.py", line 660, in __call__
    await self.middleware_stack(scope, receive, send)
  File "C:\Apps\KAD_Mobile\active_directory_mobile\.venv\Lib\site-packages\fastapi\routing.py", line 2734, in app
    await route.handle(scope, receive, send)
  File "C:\Apps\KAD_Mobile\active_directory_mobile\.venv\Lib\site-packages\fastapi\routing.py", line 1281, in handle
    await super().handle(scope, receive, send)
  File "C:\Apps\KAD_Mobile\active_directory_mobile\.venv\Lib\site-packages\starlette\routing.py", line 276, in handle
    await self.app(scope, receive, send)
  File "C:\Apps\KAD_Mobile\active_directory_mobile\.venv\Lib\site-packages\fastapi\routing.py", line 158, in app
    await wrap_app_handling_exceptions(app, request)(scope, receive, send)
  File "C:\Apps\KAD_Mobile\active_directory_mobile\.venv\Lib\site-packages\starlette\_exception_handler.py", line 53, in wrapped_app
    raise exc
  File "C:\Apps\KAD_Mobile\active_directory_mobile\.venv\Lib\site-packages\starlette\_exception_handler.py", line 42, in wrapped_app
    await app(scope, receive, sender)
  File "C:\Apps\KAD_Mobile\active_directory_mobile\.venv\Lib\site-packages\fastapi\routing.py", line 145, in app
    await response(scope, receive, send)
  File "C:\Apps\KAD_Mobile\active_directory_mobile\.venv\Lib\site-packages\starlette\responses.py", line 352, in __call__
    raise RuntimeError(f"File at path {self.path} does not exist.")
RuntimeError: File at path C:\Apps\KAD_Mobile\active_directory_mobile\kad-pwa\dist\favicon.ico does not exist.
ERROR:    Exception in ASGI application
Traceback (most recent call last):
  File "C:\Apps\KAD_Mobile\active_directory_mobile\.venv\Lib\site-packages\starlette\responses.py", line 349, in __call__
    stat_result = await anyio.to_thread.run_sync(os.stat, self.path)
                  ^^^^^^^^^^^^^^^^^^^^^^^^^^^^^^^^^^^^^^^^^^^^^^^^^^
  File "C:\Apps\KAD_Mobile\active_directory_mobile\.venv\Lib\site-packages\anyio\to_thread.py", line 65, in run_sync
    return await get_async_backend().run_sync_in_worker_thread(
           ^^^^^^^^^^^^^^^^^^^^^^^^^^^^^^^^^^^^^^^^^^^^^^^^^^^^
  File "C:\Apps\KAD_Mobile\active_directory_mobile\.venv\Lib\site-packages\anyio\_backends\_asyncio.py", line 2641, in run_sync_in_worker_thread
    return await future
           ^^^^^^^^^^^^
  File "C:\Apps\KAD_Mobile\active_directory_mobile\.venv\Lib\site-packages\anyio\_backends\_asyncio.py", line 1033, in run
    result = context.run(func, *args)
             ^^^^^^^^^^^^^^^^^^^^^^^^
FileNotFoundError: [WinError 2] The system cannot find the file specified: 'C:\\Apps\\KAD_Mobile\\active_directory_mobile\\kad-pwa\\dist\\favicon.ico'

During handling of the above exception, another exception occurred:

Traceback (most recent call last):
  File "C:\Apps\KAD_Mobile\active_directory_mobile\.venv\Lib\site-packages\uvicorn\protocols\http\httptools_impl.py", line 422, in run_asgi
    result = await app(  # type: ignore[func-returns-value]
             ^^^^^^^^^^^^^^^^^^^^^^^^^^^^^^^^^^^^^^^^^^^^^^
  File "C:\Apps\KAD_Mobile\active_directory_mobile\.venv\Lib\site-packages\uvicorn\middleware\proxy_headers.py", line 63, in __call__
    return await self.app(scope, receive, send)
           ^^^^^^^^^^^^^^^^^^^^^^^^^^^^^^^^^^^^
  File "C:\Apps\KAD_Mobile\active_directory_mobile\.venv\Lib\site-packages\fastapi\applications.py", line 1163, in __call__
    await super().__call__(scope, receive, send)
  File "C:\Apps\KAD_Mobile\active_directory_mobile\.venv\Lib\site-packages\starlette\applications.py", line 90, in __call__
    await self.middleware_stack(scope, receive, send)
  File "C:\Apps\KAD_Mobile\active_directory_mobile\.venv\Lib\site-packages\starlette\middleware\errors.py", line 186, in __call__
    raise exc
  File "C:\Apps\KAD_Mobile\active_directory_mobile\.venv\Lib\site-packages\starlette\middleware\errors.py", line 164, in __call__
    await self.app(scope, receive, _send)
  File "C:\Apps\KAD_Mobile\active_directory_mobile\.venv\Lib\site-packages\starlette\middleware\cors.py", line 88, in __call__
    await self.app(scope, receive, send)
  File "C:\Apps\KAD_Mobile\active_directory_mobile\.venv\Lib\site-packages\starlette\middleware\exceptions.py", line 63, in __call__
    await wrap_app_handling_exceptions(self.app, conn)(scope, receive, send)
  File "C:\Apps\KAD_Mobile\active_directory_mobile\.venv\Lib\site-packages\starlette\_exception_handler.py", line 53, in wrapped_app
    raise exc
  File "C:\Apps\KAD_Mobile\active_directory_mobile\.venv\Lib\site-packages\starlette\_exception_handler.py", line 42, in wrapped_app
    await app(scope, receive, sender)
  File "C:\Apps\KAD_Mobile\active_directory_mobile\.venv\Lib\site-packages\fastapi\middleware\asyncexitstack.py", line 18, in __call__
    await self.app(scope, receive, send)
  File "C:\Apps\KAD_Mobile\active_directory_mobile\.venv\Lib\site-packages\starlette\routing.py", line 660, in __call__
    await self.middleware_stack(scope, receive, send)
  File "C:\Apps\KAD_Mobile\active_directory_mobile\.venv\Lib\site-packages\fastapi\routing.py", line 2734, in app
    await route.handle(scope, receive, send)
  File "C:\Apps\KAD_Mobile\active_directory_mobile\.venv\Lib\site-packages\fastapi\routing.py", line 1281, in handle
    await super().handle(scope, receive, send)
  File "C:\Apps\KAD_Mobile\active_directory_mobile\.venv\Lib\site-packages\starlette\routing.py", line 276, in handle
    await self.app(scope, receive, send)
  File "C:\Apps\KAD_Mobile\active_directory_mobile\.venv\Lib\site-packages\fastapi\routing.py", line 158, in app
    await wrap_app_handling_exceptions(app, request)(scope, receive, send)
  File "C:\Apps\KAD_Mobile\active_directory_mobile\.venv\Lib\site-packages\starlette\_exception_handler.py", line 53, in wrapped_app
    raise exc
  File "C:\Apps\KAD_Mobile\active_directory_mobile\.venv\Lib\site-packages\starlette\_exception_handler.py", line 42, in wrapped_app
    await app(scope, receive, sender)
  File "C:\Apps\KAD_Mobile\active_directory_mobile\.venv\Lib\site-packages\fastapi\routing.py", line 145, in app
    await response(scope, receive, send)
  File "C:\Apps\KAD_Mobile\active_directory_mobile\.venv\Lib\site-packages\starlette\responses.py", line 352, in __call__
    raise RuntimeError(f"File at path {self.path} does not exist.")
RuntimeError: File at path C:\Apps\KAD_Mobile\active_directory_mobile\kad-pwa\dist\favicon.ico does not exist.
ERROR:    Exception in ASGI application
Traceback (most recent call last):
  File "C:\Apps\KAD_Mobile\active_directory_mobile\.venv\Lib\site-packages\starlette\responses.py", line 349, in __call__
    stat_result = await anyio.to_thread.run_sync(os.stat, self.path)
                  ^^^^^^^^^^^^^^^^^^^^^^^^^^^^^^^^^^^^^^^^^^^^^^^^^^
  File "C:\Apps\KAD_Mobile\active_directory_mobile\.venv\Lib\site-packages\anyio\to_thread.py", line 65, in run_sync
    return await get_async_backend().run_sync_in_worker_thread(
           ^^^^^^^^^^^^^^^^^^^^^^^^^^^^^^^^^^^^^^^^^^^^^^^^^^^^
  File "C:\Apps\KAD_Mobile\active_directory_mobile\.venv\Lib\site-packages\anyio\_backends\_asyncio.py", line 2641, in run_sync_in_worker_thread
    return await future
           ^^^^^^^^^^^^
  File "C:\Apps\KAD_Mobile\active_directory_mobile\.venv\Lib\site-packages\anyio\_backends\_asyncio.py", line 1033, in run
    result = context.run(func, *args)
             ^^^^^^^^^^^^^^^^^^^^^^^^
FileNotFoundError: [WinError 2] The system cannot find the file specified: 'C:\\Apps\\KAD_Mobile\\active_directory_mobile\\kad-pwa\\dist\\favicon.ico'

During handling of the above exception, another exception occurred:

Traceback (most recent call last):
  File "C:\Apps\KAD_Mobile\active_directory_mobile\.venv\Lib\site-packages\uvicorn\protocols\http\httptools_impl.py", line 422, in run_asgi
    result = await app(  # type: ignore[func-returns-value]
             ^^^^^^^^^^^^^^^^^^^^^^^^^^^^^^^^^^^^^^^^^^^^^^
  File "C:\Apps\KAD_Mobile\active_directory_mobile\.venv\Lib\site-packages\uvicorn\middleware\proxy_headers.py", line 63, in __call__
    return await self.app(scope, receive, send)
           ^^^^^^^^^^^^^^^^^^^^^^^^^^^^^^^^^^^^
  File "C:\Apps\KAD_Mobile\active_directory_mobile\.venv\Lib\site-packages\fastapi\applications.py", line 1163, in __call__
    await super().__call__(scope, receive, send)
  File "C:\Apps\KAD_Mobile\active_directory_mobile\.venv\Lib\site-packages\starlette\applications.py", line 90, in __call__
    await self.middleware_stack(scope, receive, send)
  File "C:\Apps\KAD_Mobile\active_directory_mobile\.venv\Lib\site-packages\starlette\middleware\errors.py", line 186, in __call__
    raise exc
  File "C:\Apps\KAD_Mobile\active_directory_mobile\.venv\Lib\site-packages\starlette\middleware\errors.py", line 164, in __call__
    await self.app(scope, receive, _send)
  File "C:\Apps\KAD_Mobile\active_directory_mobile\.venv\Lib\site-packages\starlette\middleware\cors.py", line 88, in __call__
    await self.app(scope, receive, send)
  File "C:\Apps\KAD_Mobile\active_directory_mobile\.venv\Lib\site-packages\starlette\middleware\exceptions.py", line 63, in __call__
    await wrap_app_handling_exceptions(self.app, conn)(scope, receive, send)
  File "C:\Apps\KAD_Mobile\active_directory_mobile\.venv\Lib\site-packages\starlette\_exception_handler.py", line 53, in wrapped_app
    raise exc
  File "C:\Apps\KAD_Mobile\active_directory_mobile\.venv\Lib\site-packages\starlette\_exception_handler.py", line 42, in wrapped_app
    await app(scope, receive, sender)
  File "C:\Apps\KAD_Mobile\active_directory_mobile\.venv\Lib\site-packages\fastapi\middleware\asyncexitstack.py", line 18, in __call__
    await self.app(scope, receive, send)
  File "C:\Apps\KAD_Mobile\active_directory_mobile\.venv\Lib\site-packages\starlette\routing.py", line 660, in __call__
    await self.middleware_stack(scope, receive, send)
  File "C:\Apps\KAD_Mobile\active_directory_mobile\.venv\Lib\site-packages\fastapi\routing.py", line 2734, in app
    await route.handle(scope, receive, send)
  File "C:\Apps\KAD_Mobile\active_directory_mobile\.venv\Lib\site-packages\fastapi\routing.py", line 1281, in handle
    await super().handle(scope, receive, send)
  File "C:\Apps\KAD_Mobile\active_directory_mobile\.venv\Lib\site-packages\starlette\routing.py", line 276, in handle
    await self.app(scope, receive, send)
  File "C:\Apps\KAD_Mobile\active_directory_mobile\.venv\Lib\site-packages\fastapi\routing.py", line 158, in app
    await wrap_app_handling_exceptions(app, request)(scope, receive, send)
  File "C:\Apps\KAD_Mobile\active_directory_mobile\.venv\Lib\site-packages\starlette\_exception_handler.py", line 53, in wrapped_app
    raise exc
  File "C:\Apps\KAD_Mobile\active_directory_mobile\.venv\Lib\site-packages\starlette\_exception_handler.py", line 42, in wrapped_app
    await app(scope, receive, sender)
  File "C:\Apps\KAD_Mobile\active_directory_mobile\.venv\Lib\site-packages\fastapi\routing.py", line 145, in app
    await response(scope, receive, send)
  File "C:\Apps\KAD_Mobile\active_directory_mobile\.venv\Lib\site-packages\starlette\responses.py", line 352, in __call__
    raise RuntimeError(f"File at path {self.path} does not exist.")
RuntimeError: File at path C:\Apps\KAD_Mobile\active_directory_mobile\kad-pwa\dist\favicon.ico does not exist.
ERROR:    Exception in ASGI application
Traceback (most recent call last):
  File "C:\Apps\KAD_Mobile\active_directory_mobile\.venv\Lib\site-packages\starlette\responses.py", line 349, in __call__
    stat_result = await anyio.to_thread.run_sync(os.stat, self.path)
                  ^^^^^^^^^^^^^^^^^^^^^^^^^^^^^^^^^^^^^^^^^^^^^^^^^^
  File "C:\Apps\KAD_Mobile\active_directory_mobile\.venv\Lib\site-packages\anyio\to_thread.py", line 65, in run_sync
    return await get_async_backend().run_sync_in_worker_thread(
           ^^^^^^^^^^^^^^^^^^^^^^^^^^^^^^^^^^^^^^^^^^^^^^^^^^^^
  File "C:\Apps\KAD_Mobile\active_directory_mobile\.venv\Lib\site-packages\anyio\_backends\_asyncio.py", line 2641, in run_sync_in_worker_thread
    return await future
           ^^^^^^^^^^^^
  File "C:\Apps\KAD_Mobile\active_directory_mobile\.venv\Lib\site-packages\anyio\_backends\_asyncio.py", line 1033, in run
    result = context.run(func, *args)
             ^^^^^^^^^^^^^^^^^^^^^^^^
FileNotFoundError: [WinError 2] The system cannot find the file specified: 'C:\\Apps\\KAD_Mobile\\active_directory_mobile\\kad-pwa\\dist\\favicon.ico'

During handling of the above exception, another exception occurred:

Traceback (most recent call last):
  File "C:\Apps\KAD_Mobile\active_directory_mobile\.venv\Lib\site-packages\uvicorn\protocols\http\httptools_impl.py", line 422, in run_asgi
    result = await app(  # type: ignore[func-returns-value]
             ^^^^^^^^^^^^^^^^^^^^^^^^^^^^^^^^^^^^^^^^^^^^^^
  File "C:\Apps\KAD_Mobile\active_directory_mobile\.venv\Lib\site-packages\uvicorn\middleware\proxy_headers.py", line 63, in __call__
    return await self.app(scope, receive, send)
           ^^^^^^^^^^^^^^^^^^^^^^^^^^^^^^^^^^^^
  File "C:\Apps\KAD_Mobile\active_directory_mobile\.venv\Lib\site-packages\fastapi\applications.py", line 1163, in __call__
    await super().__call__(scope, receive, send)
  File "C:\Apps\KAD_Mobile\active_directory_mobile\.venv\Lib\site-packages\starlette\applications.py", line 90, in __call__
    await self.middleware_stack(scope, receive, send)
  File "C:\Apps\KAD_Mobile\active_directory_mobile\.venv\Lib\site-packages\starlette\middleware\errors.py", line 186, in __call__
    raise exc
  File "C:\Apps\KAD_Mobile\active_directory_mobile\.venv\Lib\site-packages\starlette\middleware\errors.py", line 164, in __call__
    await self.app(scope, receive, _send)
  File "C:\Apps\KAD_Mobile\active_directory_mobile\.venv\Lib\site-packages\starlette\middleware\cors.py", line 88, in __call__
    await self.app(scope, receive, send)
  File "C:\Apps\KAD_Mobile\active_directory_mobile\.venv\Lib\site-packages\starlette\middleware\exceptions.py", line 63, in __call__
    await wrap_app_handling_exceptions(self.app, conn)(scope, receive, send)
  File "C:\Apps\KAD_Mobile\active_directory_mobile\.venv\Lib\site-packages\starlette\_exception_handler.py", line 53, in wrapped_app
    raise exc
  File "C:\Apps\KAD_Mobile\active_directory_mobile\.venv\Lib\site-packages\starlette\_exception_handler.py", line 42, in wrapped_app
    await app(scope, receive, sender)
  File "C:\Apps\KAD_Mobile\active_directory_mobile\.venv\Lib\site-packages\fastapi\middleware\asyncexitstack.py", line 18, in __call__
    await self.app(scope, receive, send)
  File "C:\Apps\KAD_Mobile\active_directory_mobile\.venv\Lib\site-packages\starlette\routing.py", line 660, in __call__
    await self.middleware_stack(scope, receive, send)
  File "C:\Apps\KAD_Mobile\active_directory_mobile\.venv\Lib\site-packages\fastapi\routing.py", line 2734, in app
    await route.handle(scope, receive, send)
  File "C:\Apps\KAD_Mobile\active_directory_mobile\.venv\Lib\site-packages\fastapi\routing.py", line 1281, in handle
    await super().handle(scope, receive, send)
  File "C:\Apps\KAD_Mobile\active_directory_mobile\.venv\Lib\site-packages\starlette\routing.py", line 276, in handle
    await self.app(scope, receive, send)
  File "C:\Apps\KAD_Mobile\active_directory_mobile\.venv\Lib\site-packages\fastapi\routing.py", line 158, in app
    await wrap_app_handling_exceptions(app, request)(scope, receive, send)
  File "C:\Apps\KAD_Mobile\active_directory_mobile\.venv\Lib\site-packages\starlette\_exception_handler.py", line 53, in wrapped_app
    raise exc
  File "C:\Apps\KAD_Mobile\active_directory_mobile\.venv\Lib\site-packages\starlette\_exception_handler.py", line 42, in wrapped_app
    await app(scope, receive, sender)
  File "C:\Apps\KAD_Mobile\active_directory_mobile\.venv\Lib\site-packages\fastapi\routing.py", line 145, in app
    await response(scope, receive, send)
  File "C:\Apps\KAD_Mobile\active_directory_mobile\.venv\Lib\site-packages\starlette\responses.py", line 352, in __call__
    raise RuntimeError(f"File at path {self.path} does not exist.")
RuntimeError: File at path C:\Apps\KAD_Mobile\active_directory_mobile\kad-pwa\dist\favicon.ico does not exist.
ERROR:    Exception in ASGI application
Traceback (most recent call last):
  File "C:\Apps\KAD_Mobile\active_directory_mobile\.venv\Lib\site-packages\starlette\responses.py", line 349, in __call__
    stat_result = await anyio.to_thread.run_sync(os.stat, self.path)
                  ^^^^^^^^^^^^^^^^^^^^^^^^^^^^^^^^^^^^^^^^^^^^^^^^^^
  File "C:\Apps\KAD_Mobile\active_directory_mobile\.venv\Lib\site-packages\anyio\to_thread.py", line 65, in run_sync
    return await get_async_backend().run_sync_in_worker_thread(
           ^^^^^^^^^^^^^^^^^^^^^^^^^^^^^^^^^^^^^^^^^^^^^^^^^^^^
  File "C:\Apps\KAD_Mobile\active_directory_mobile\.venv\Lib\site-packages\anyio\_backends\_asyncio.py", line 2641, in run_sync_in_worker_thread
    return await future
           ^^^^^^^^^^^^
  File "C:\Apps\KAD_Mobile\active_directory_mobile\.venv\Lib\site-packages\anyio\_backends\_asyncio.py", line 1033, in run
    result = context.run(func, *args)
             ^^^^^^^^^^^^^^^^^^^^^^^^
FileNotFoundError: [WinError 2] The system cannot find the file specified: 'C:\\Apps\\KAD_Mobile\\active_directory_mobile\\kad-pwa\\dist\\favicon.ico'

During handling of the above exception, another exception occurred:

Traceback (most recent call last):
  File "C:\Apps\KAD_Mobile\active_directory_mobile\.venv\Lib\site-packages\uvicorn\protocols\http\httptools_impl.py", line 422, in run_asgi
    result = await app(  # type: ignore[func-returns-value]
             ^^^^^^^^^^^^^^^^^^^^^^^^^^^^^^^^^^^^^^^^^^^^^^
  File "C:\Apps\KAD_Mobile\active_directory_mobile\.venv\Lib\site-packages\uvicorn\middleware\proxy_headers.py", line 63, in __call__
    return await self.app(scope, receive, send)
           ^^^^^^^^^^^^^^^^^^^^^^^^^^^^^^^^^^^^
  File "C:\Apps\KAD_Mobile\active_directory_mobile\.venv\Lib\site-packages\fastapi\applications.py", line 1163, in __call__
    await super().__call__(scope, receive, send)
  File "C:\Apps\KAD_Mobile\active_directory_mobile\.venv\Lib\site-packages\starlette\applications.py", line 90, in __call__
    await self.middleware_stack(scope, receive, send)
  File "C:\Apps\KAD_Mobile\active_directory_mobile\.venv\Lib\site-packages\starlette\middleware\errors.py", line 186, in __call__
    raise exc
  File "C:\Apps\KAD_Mobile\active_directory_mobile\.venv\Lib\site-packages\starlette\middleware\errors.py", line 164, in __call__
    await self.app(scope, receive, _send)
  File "C:\Apps\KAD_Mobile\active_directory_mobile\.venv\Lib\site-packages\starlette\middleware\cors.py", line 88, in __call__
    await self.app(scope, receive, send)
  File "C:\Apps\KAD_Mobile\active_directory_mobile\.venv\Lib\site-packages\starlette\middleware\exceptions.py", line 63, in __call__
    await wrap_app_handling_exceptions(self.app, conn)(scope, receive, send)
  File "C:\Apps\KAD_Mobile\active_directory_mobile\.venv\Lib\site-packages\starlette\_exception_handler.py", line 53, in wrapped_app
    raise exc
  File "C:\Apps\KAD_Mobile\active_directory_mobile\.venv\Lib\site-packages\starlette\_exception_handler.py", line 42, in wrapped_app
    await app(scope, receive, sender)
  File "C:\Apps\KAD_Mobile\active_directory_mobile\.venv\Lib\site-packages\fastapi\middleware\asyncexitstack.py", line 18, in __call__
    await self.app(scope, receive, send)
  File "C:\Apps\KAD_Mobile\active_directory_mobile\.venv\Lib\site-packages\starlette\routing.py", line 660, in __call__
    await self.middleware_stack(scope, receive, send)
  File "C:\Apps\KAD_Mobile\active_directory_mobile\.venv\Lib\site-packages\fastapi\routing.py", line 2734, in app
    await route.handle(scope, receive, send)
  File "C:\Apps\KAD_Mobile\active_directory_mobile\.venv\Lib\site-packages\fastapi\routing.py", line 1281, in handle
    await super().handle(scope, receive, send)
  File "C:\Apps\KAD_Mobile\active_directory_mobile\.venv\Lib\site-packages\starlette\routing.py", line 276, in handle
    await self.app(scope, receive, send)
  File "C:\Apps\KAD_Mobile\active_directory_mobile\.venv\Lib\site-packages\fastapi\routing.py", line 158, in app
    await wrap_app_handling_exceptions(app, request)(scope, receive, send)
  File "C:\Apps\KAD_Mobile\active_directory_mobile\.venv\Lib\site-packages\starlette\_exception_handler.py", line 53, in wrapped_app
    raise exc
  File "C:\Apps\KAD_Mobile\active_directory_mobile\.venv\Lib\site-packages\starlette\_exception_handler.py", line 42, in wrapped_app
    await app(scope, receive, sender)
  File "C:\Apps\KAD_Mobile\active_directory_mobile\.venv\Lib\site-packages\fastapi\routing.py", line 145, in app
    await response(scope, receive, send)
  File "C:\Apps\KAD_Mobile\active_directory_mobile\.venv\Lib\site-packages\starlette\responses.py", line 352, in __call__
    raise RuntimeError(f"File at path {self.path} does not exist.")
RuntimeError: File at path C:\Apps\KAD_Mobile\active_directory_mobile\kad-pwa\dist\favicon.ico does not exist.
ERROR:    Exception in ASGI application
Traceback (most recent call last):
  File "C:\Apps\KAD_Mobile\active_directory_mobile\.venv\Lib\site-packages\starlette\responses.py", line 349, in __call__
    stat_result = await anyio.to_thread.run_sync(os.stat, self.path)
                  ^^^^^^^^^^^^^^^^^^^^^^^^^^^^^^^^^^^^^^^^^^^^^^^^^^
  File "C:\Apps\KAD_Mobile\active_directory_mobile\.venv\Lib\site-packages\anyio\to_thread.py", line 65, in run_sync
    return await get_async_backend().run_sync_in_worker_thread(
           ^^^^^^^^^^^^^^^^^^^^^^^^^^^^^^^^^^^^^^^^^^^^^^^^^^^^
  File "C:\Apps\KAD_Mobile\active_directory_mobile\.venv\Lib\site-packages\anyio\_backends\_asyncio.py", line 2641, in run_sync_in_worker_thread
    return await future
           ^^^^^^^^^^^^
  File "C:\Apps\KAD_Mobile\active_directory_mobile\.venv\Lib\site-packages\anyio\_backends\_asyncio.py", line 1033, in run
    result = context.run(func, *args)
             ^^^^^^^^^^^^^^^^^^^^^^^^
FileNotFoundError: [WinError 2] The system cannot find the file specified: 'C:\\Apps\\KAD_Mobile\\active_directory_mobile\\kad-pwa\\dist\\favicon.ico'

During handling of the above exception, another exception occurred:

Traceback (most recent call last):
  File "C:\Apps\KAD_Mobile\active_directory_mobile\.venv\Lib\site-packages\uvicorn\protocols\http\httptools_impl.py", line 422, in run_asgi
    result = await app(  # type: ignore[func-returns-value]
             ^^^^^^^^^^^^^^^^^^^^^^^^^^^^^^^^^^^^^^^^^^^^^^
  File "C:\Apps\KAD_Mobile\active_directory_mobile\.venv\Lib\site-packages\uvicorn\middleware\proxy_headers.py", line 63, in __call__
    return await self.app(scope, receive, send)
           ^^^^^^^^^^^^^^^^^^^^^^^^^^^^^^^^^^^^
  File "C:\Apps\KAD_Mobile\active_directory_mobile\.venv\Lib\site-packages\fastapi\applications.py", line 1163, in __call__
    await super().__call__(scope, receive, send)
  File "C:\Apps\KAD_Mobile\active_directory_mobile\.venv\Lib\site-packages\starlette\applications.py", line 90, in __call__
    await self.middleware_stack(scope, receive, send)
  File "C:\Apps\KAD_Mobile\active_directory_mobile\.venv\Lib\site-packages\starlette\middleware\errors.py", line 186, in __call__
    raise exc
  File "C:\Apps\KAD_Mobile\active_directory_mobile\.venv\Lib\site-packages\starlette\middleware\errors.py", line 164, in __call__
    await self.app(scope, receive, _send)
  File "C:\Apps\KAD_Mobile\active_directory_mobile\.venv\Lib\site-packages\starlette\middleware\cors.py", line 88, in __call__
    await self.app(scope, receive, send)
  File "C:\Apps\KAD_Mobile\active_directory_mobile\.venv\Lib\site-packages\starlette\middleware\exceptions.py", line 63, in __call__
    await wrap_app_handling_exceptions(self.app, conn)(scope, receive, send)
  File "C:\Apps\KAD_Mobile\active_directory_mobile\.venv\Lib\site-packages\starlette\_exception_handler.py", line 53, in wrapped_app
    raise exc
  File "C:\Apps\KAD_Mobile\active_directory_mobile\.venv\Lib\site-packages\starlette\_exception_handler.py", line 42, in wrapped_app
    await app(scope, receive, sender)
  File "C:\Apps\KAD_Mobile\active_directory_mobile\.venv\Lib\site-packages\fastapi\middleware\asyncexitstack.py", line 18, in __call__
    await self.app(scope, receive, send)
  File "C:\Apps\KAD_Mobile\active_directory_mobile\.venv\Lib\site-packages\starlette\routing.py", line 660, in __call__
    await self.middleware_stack(scope, receive, send)
  File "C:\Apps\KAD_Mobile\active_directory_mobile\.venv\Lib\site-packages\fastapi\routing.py", line 2734, in app
    await route.handle(scope, receive, send)
  File "C:\Apps\KAD_Mobile\active_directory_mobile\.venv\Lib\site-packages\fastapi\routing.py", line 1281, in handle
    await super().handle(scope, receive, send)
  File "C:\Apps\KAD_Mobile\active_directory_mobile\.venv\Lib\site-packages\starlette\routing.py", line 276, in handle
    await self.app(scope, receive, send)
  File "C:\Apps\KAD_Mobile\active_directory_mobile\.venv\Lib\site-packages\fastapi\routing.py", line 158, in app
    await wrap_app_handling_exceptions(app, request)(scope, receive, send)
  File "C:\Apps\KAD_Mobile\active_directory_mobile\.venv\Lib\site-packages\starlette\_exception_handler.py", line 53, in wrapped_app
    raise exc
  File "C:\Apps\KAD_Mobile\active_directory_mobile\.venv\Lib\site-packages\starlette\_exception_handler.py", line 42, in wrapped_app
    await app(scope, receive, sender)
  File "C:\Apps\KAD_Mobile\active_directory_mobile\.venv\Lib\site-packages\fastapi\routing.py", line 145, in app
    await response(scope, receive, send)
  File "C:\Apps\KAD_Mobile\active_directory_mobile\.venv\Lib\site-packages\starlette\responses.py", line 352, in __call__
    raise RuntimeError(f"File at path {self.path} does not exist.")
RuntimeError: File at path C:\Apps\KAD_Mobile\active_directory_mobile\kad-pwa\dist\favicon.ico does not exist.
ERROR:    Exception in ASGI application
Traceback (most recent call last):
  File "C:\Apps\KAD_Mobile\active_directory_mobile\.venv\Lib\site-packages\starlette\responses.py", line 349, in __call__
    stat_result = await anyio.to_thread.run_sync(os.stat, self.path)
                  ^^^^^^^^^^^^^^^^^^^^^^^^^^^^^^^^^^^^^^^^^^^^^^^^^^
  File "C:\Apps\KAD_Mobile\active_directory_mobile\.venv\Lib\site-packages\anyio\to_thread.py", line 65, in run_sync
    return await get_async_backend().run_sync_in_worker_thread(
           ^^^^^^^^^^^^^^^^^^^^^^^^^^^^^^^^^^^^^^^^^^^^^^^^^^^^
  File "C:\Apps\KAD_Mobile\active_directory_mobile\.venv\Lib\site-packages\anyio\_backends\_asyncio.py", line 2641, in run_sync_in_worker_thread
    return await future
           ^^^^^^^^^^^^
  File "C:\Apps\KAD_Mobile\active_directory_mobile\.venv\Lib\site-packages\anyio\_backends\_asyncio.py", line 1033, in run
    result = context.run(func, *args)
             ^^^^^^^^^^^^^^^^^^^^^^^^
FileNotFoundError: [WinError 2] The system cannot find the file specified: 'C:\\Apps\\KAD_Mobile\\active_directory_mobile\\kad-pwa\\dist\\favicon.ico'

During handling of the above exception, another exception occurred:

Traceback (most recent call last):
  File "C:\Apps\KAD_Mobile\active_directory_mobile\.venv\Lib\site-packages\uvicorn\protocols\http\httptools_impl.py", line 422, in run_asgi
    result = await app(  # type: ignore[func-returns-value]
             ^^^^^^^^^^^^^^^^^^^^^^^^^^^^^^^^^^^^^^^^^^^^^^
  File "C:\Apps\KAD_Mobile\active_directory_mobile\.venv\Lib\site-packages\uvicorn\middleware\proxy_headers.py", line 63, in __call__
    return await self.app(scope, receive, send)
           ^^^^^^^^^^^^^^^^^^^^^^^^^^^^^^^^^^^^
  File "C:\Apps\KAD_Mobile\active_directory_mobile\.venv\Lib\site-packages\fastapi\applications.py", line 1163, in __call__
    await super().__call__(scope, receive, send)
  File "C:\Apps\KAD_Mobile\active_directory_mobile\.venv\Lib\site-packages\starlette\applications.py", line 90, in __call__
    await self.middleware_stack(scope, receive, send)
  File "C:\Apps\KAD_Mobile\active_directory_mobile\.venv\Lib\site-packages\starlette\middleware\errors.py", line 186, in __call__
    raise exc
  File "C:\Apps\KAD_Mobile\active_directory_mobile\.venv\Lib\site-packages\starlette\middleware\errors.py", line 164, in __call__
    await self.app(scope, receive, _send)
  File "C:\Apps\KAD_Mobile\active_directory_mobile\.venv\Lib\site-packages\starlette\middleware\cors.py", line 88, in __call__
    await self.app(scope, receive, send)
  File "C:\Apps\KAD_Mobile\active_directory_mobile\.venv\Lib\site-packages\starlette\middleware\exceptions.py", line 63, in __call__
    await wrap_app_handling_exceptions(self.app, conn)(scope, receive, send)
  File "C:\Apps\KAD_Mobile\active_directory_mobile\.venv\Lib\site-packages\starlette\_exception_handler.py", line 53, in wrapped_app
    raise exc
  File "C:\Apps\KAD_Mobile\active_directory_mobile\.venv\Lib\site-packages\starlette\_exception_handler.py", line 42, in wrapped_app
    await app(scope, receive, sender)
  File "C:\Apps\KAD_Mobile\active_directory_mobile\.venv\Lib\site-packages\fastapi\middleware\asyncexitstack.py", line 18, in __call__
    await self.app(scope, receive, send)
  File "C:\Apps\KAD_Mobile\active_directory_mobile\.venv\Lib\site-packages\starlette\routing.py", line 660, in __call__
    await self.middleware_stack(scope, receive, send)
  File "C:\Apps\KAD_Mobile\active_directory_mobile\.venv\Lib\site-packages\fastapi\routing.py", line 2734, in app
    await route.handle(scope, receive, send)
  File "C:\Apps\KAD_Mobile\active_directory_mobile\.venv\Lib\site-packages\fastapi\routing.py", line 1281, in handle
    await super().handle(scope, receive, send)
  File "C:\Apps\KAD_Mobile\active_directory_mobile\.venv\Lib\site-packages\starlette\routing.py", line 276, in handle
    await self.app(scope, receive, send)
  File "C:\Apps\KAD_Mobile\active_directory_mobile\.venv\Lib\site-packages\fastapi\routing.py", line 158, in app
    await wrap_app_handling_exceptions(app, request)(scope, receive, send)
  File "C:\Apps\KAD_Mobile\active_directory_mobile\.venv\Lib\site-packages\starlette\_exception_handler.py", line 53, in wrapped_app
    raise exc
  File "C:\Apps\KAD_Mobile\active_directory_mobile\.venv\Lib\site-packages\starlette\_exception_handler.py", line 42, in wrapped_app
    await app(scope, receive, sender)
  File "C:\Apps\KAD_Mobile\active_directory_mobile\.venv\Lib\site-packages\fastapi\routing.py", line 145, in app
    await response(scope, receive, send)
  File "C:\Apps\KAD_Mobile\active_directory_mobile\.venv\Lib\site-packages\starlette\responses.py", line 352, in __call__
    raise RuntimeError(f"File at path {self.path} does not exist.")
RuntimeError: File at path C:\Apps\KAD_Mobile\active_directory_mobile\kad-pwa\dist\favicon.ico does not exist.
ERROR:    Exception in ASGI application
Traceback (most recent call last):
  File "C:\Apps\KAD_Mobile\active_directory_mobile\.venv\Lib\site-packages\starlette\responses.py", line 349, in __call__
    stat_result = await anyio.to_thread.run_sync(os.stat, self.path)
                  ^^^^^^^^^^^^^^^^^^^^^^^^^^^^^^^^^^^^^^^^^^^^^^^^^^
  File "C:\Apps\KAD_Mobile\active_directory_mobile\.venv\Lib\site-packages\anyio\to_thread.py", line 65, in run_sync
    return await get_async_backend().run_sync_in_worker_thread(
           ^^^^^^^^^^^^^^^^^^^^^^^^^^^^^^^^^^^^^^^^^^^^^^^^^^^^
  File "C:\Apps\KAD_Mobile\active_directory_mobile\.venv\Lib\site-packages\anyio\_backends\_asyncio.py", line 2641, in run_sync_in_worker_thread
    return await future
           ^^^^^^^^^^^^
  File "C:\Apps\KAD_Mobile\active_directory_mobile\.venv\Lib\site-packages\anyio\_backends\_asyncio.py", line 1033, in run
    result = context.run(func, *args)
             ^^^^^^^^^^^^^^^^^^^^^^^^
FileNotFoundError: [WinError 2] The system cannot find the file specified: 'C:\\Apps\\KAD_Mobile\\active_directory_mobile\\kad-pwa\\dist\\favicon.ico'

During handling of the above exception, another exception occurred:

Traceback (most recent call last):
  File "C:\Apps\KAD_Mobile\active_directory_mobile\.venv\Lib\site-packages\uvicorn\protocols\http\httptools_impl.py", line 422, in run_asgi
    result = await app(  # type: ignore[func-returns-value]
             ^^^^^^^^^^^^^^^^^^^^^^^^^^^^^^^^^^^^^^^^^^^^^^
  File "C:\Apps\KAD_Mobile\active_directory_mobile\.venv\Lib\site-packages\uvicorn\middleware\proxy_headers.py", line 63, in __call__
    return await self.app(scope, receive, send)
           ^^^^^^^^^^^^^^^^^^^^^^^^^^^^^^^^^^^^
  File "C:\Apps\KAD_Mobile\active_directory_mobile\.venv\Lib\site-packages\fastapi\applications.py", line 1163, in __call__
    await super().__call__(scope, receive, send)
  File "C:\Apps\KAD_Mobile\active_directory_mobile\.venv\Lib\site-packages\starlette\applications.py", line 90, in __call__
    await self.middleware_stack(scope, receive, send)
  File "C:\Apps\KAD_Mobile\active_directory_mobile\.venv\Lib\site-packages\starlette\middleware\errors.py", line 186, in __call__
    raise exc
  File "C:\Apps\KAD_Mobile\active_directory_mobile\.venv\Lib\site-packages\starlette\middleware\errors.py", line 164, in __call__
    await self.app(scope, receive, _send)
  File "C:\Apps\KAD_Mobile\active_directory_mobile\.venv\Lib\site-packages\starlette\middleware\cors.py", line 88, in __call__
    await self.app(scope, receive, send)
  File "C:\Apps\KAD_Mobile\active_directory_mobile\.venv\Lib\site-packages\starlette\middleware\exceptions.py", line 63, in __call__
    await wrap_app_handling_exceptions(self.app, conn)(scope, receive, send)
  File "C:\Apps\KAD_Mobile\active_directory_mobile\.venv\Lib\site-packages\starlette\_exception_handler.py", line 53, in wrapped_app
    raise exc
  File "C:\Apps\KAD_Mobile\active_directory_mobile\.venv\Lib\site-packages\starlette\_exception_handler.py", line 42, in wrapped_app
    await app(scope, receive, sender)
  File "C:\Apps\KAD_Mobile\active_directory_mobile\.venv\Lib\site-packages\fastapi\middleware\asyncexitstack.py", line 18, in __call__
    await self.app(scope, receive, send)
  File "C:\Apps\KAD_Mobile\active_directory_mobile\.venv\Lib\site-packages\starlette\routing.py", line 660, in __call__
    await self.middleware_stack(scope, receive, send)
  File "C:\Apps\KAD_Mobile\active_directory_mobile\.venv\Lib\site-packages\fastapi\routing.py", line 2734, in app
    await route.handle(scope, receive, send)
  File "C:\Apps\KAD_Mobile\active_directory_mobile\.venv\Lib\site-packages\fastapi\routing.py", line 1281, in handle
    await super().handle(scope, receive, send)
  File "C:\Apps\KAD_Mobile\active_directory_mobile\.venv\Lib\site-packages\starlette\routing.py", line 276, in handle
    await self.app(scope, receive, send)
  File "C:\Apps\KAD_Mobile\active_directory_mobile\.venv\Lib\site-packages\fastapi\routing.py", line 158, in app
    await wrap_app_handling_exceptions(app, request)(scope, receive, send)
  File "C:\Apps\KAD_Mobile\active_directory_mobile\.venv\Lib\site-packages\starlette\_exception_handler.py", line 53, in wrapped_app
    raise exc
  File "C:\Apps\KAD_Mobile\active_directory_mobile\.venv\Lib\site-packages\starlette\_exception_handler.py", line 42, in wrapped_app
    await app(scope, receive, sender)
  File "C:\Apps\KAD_Mobile\active_directory_mobile\.venv\Lib\site-packages\fastapi\routing.py", line 145, in app
    await response(scope, receive, send)
  File "C:\Apps\KAD_Mobile\active_directory_mobile\.venv\Lib\site-packages\starlette\responses.py", line 352, in __call__
    raise RuntimeError(f"File at path {self.path} does not exist.")
RuntimeError: File at path C:\Apps\KAD_Mobile\active_directory_mobile\kad-pwa\dist\favicon.ico does not exist.
ERROR:    Exception in ASGI application
Traceback (most recent call last):
  File "C:\Apps\KAD_Mobile\active_directory_mobile\.venv\Lib\site-packages\starlette\responses.py", line 349, in __call__
    stat_result = await anyio.to_thread.run_sync(os.stat, self.path)
                  ^^^^^^^^^^^^^^^^^^^^^^^^^^^^^^^^^^^^^^^^^^^^^^^^^^
  File "C:\Apps\KAD_Mobile\active_directory_mobile\.venv\Lib\site-packages\anyio\to_thread.py", line 65, in run_sync
    return await get_async_backend().run_sync_in_worker_thread(
           ^^^^^^^^^^^^^^^^^^^^^^^^^^^^^^^^^^^^^^^^^^^^^^^^^^^^
  File "C:\Apps\KAD_Mobile\active_directory_mobile\.venv\Lib\site-packages\anyio\_backends\_asyncio.py", line 2641, in run_sync_in_worker_thread
    return await future
           ^^^^^^^^^^^^
  File "C:\Apps\KAD_Mobile\active_directory_mobile\.venv\Lib\site-packages\anyio\_backends\_asyncio.py", line 1033, in run
    result = context.run(func, *args)
             ^^^^^^^^^^^^^^^^^^^^^^^^
FileNotFoundError: [WinError 2] The system cannot find the file specified: 'C:\\Apps\\KAD_Mobile\\active_directory_mobile\\kad-pwa\\dist\\favicon.ico'

During handling of the above exception, another exception occurred:

Traceback (most recent call last):
  File "C:\Apps\KAD_Mobile\active_directory_mobile\.venv\Lib\site-packages\uvicorn\protocols\http\httptools_impl.py", line 422, in run_asgi
    result = await app(  # type: ignore[func-returns-value]
             ^^^^^^^^^^^^^^^^^^^^^^^^^^^^^^^^^^^^^^^^^^^^^^
  File "C:\Apps\KAD_Mobile\active_directory_mobile\.venv\Lib\site-packages\uvicorn\middleware\proxy_headers.py", line 63, in __call__
    return await self.app(scope, receive, send)
           ^^^^^^^^^^^^^^^^^^^^^^^^^^^^^^^^^^^^
  File "C:\Apps\KAD_Mobile\active_directory_mobile\.venv\Lib\site-packages\fastapi\applications.py", line 1163, in __call__
    await super().__call__(scope, receive, send)
  File "C:\Apps\KAD_Mobile\active_directory_mobile\.venv\Lib\site-packages\starlette\applications.py", line 90, in __call__
    await self.middleware_stack(scope, receive, send)
  File "C:\Apps\KAD_Mobile\active_directory_mobile\.venv\Lib\site-packages\starlette\middleware\errors.py", line 186, in __call__
    raise exc
  File "C:\Apps\KAD_Mobile\active_directory_mobile\.venv\Lib\site-packages\starlette\middleware\errors.py", line 164, in __call__
    await self.app(scope, receive, _send)
  File "C:\Apps\KAD_Mobile\active_directory_mobile\.venv\Lib\site-packages\starlette\middleware\cors.py", line 88, in __call__
    await self.app(scope, receive, send)
  File "C:\Apps\KAD_Mobile\active_directory_mobile\.venv\Lib\site-packages\starlette\middleware\exceptions.py", line 63, in __call__
    await wrap_app_handling_exceptions(self.app, conn)(scope, receive, send)
  File "C:\Apps\KAD_Mobile\active_directory_mobile\.venv\Lib\site-packages\starlette\_exception_handler.py", line 53, in wrapped_app
    raise exc
  File "C:\Apps\KAD_Mobile\active_directory_mobile\.venv\Lib\site-packages\starlette\_exception_handler.py", line 42, in wrapped_app
    await app(scope, receive, sender)
  File "C:\Apps\KAD_Mobile\active_directory_mobile\.venv\Lib\site-packages\fastapi\middleware\asyncexitstack.py", line 18, in __call__
    await self.app(scope, receive, send)
  File "C:\Apps\KAD_Mobile\active_directory_mobile\.venv\Lib\site-packages\starlette\routing.py", line 660, in __call__
    await self.middleware_stack(scope, receive, send)
  File "C:\Apps\KAD_Mobile\active_directory_mobile\.venv\Lib\site-packages\fastapi\routing.py", line 2734, in app
    await route.handle(scope, receive, send)
  File "C:\Apps\KAD_Mobile\active_directory_mobile\.venv\Lib\site-packages\fastapi\routing.py", line 1281, in handle
    await super().handle(scope, receive, send)
  File "C:\Apps\KAD_Mobile\active_directory_mobile\.venv\Lib\site-packages\starlette\routing.py", line 276, in handle
    await self.app(scope, receive, send)
  File "C:\Apps\KAD_Mobile\active_directory_mobile\.venv\Lib\site-packages\fastapi\routing.py", line 158, in app
    await wrap_app_handling_exceptions(app, request)(scope, receive, send)
  File "C:\Apps\KAD_Mobile\active_directory_mobile\.venv\Lib\site-packages\starlette\_exception_handler.py", line 53, in wrapped_app
    raise exc
  File "C:\Apps\KAD_Mobile\active_directory_mobile\.venv\Lib\site-packages\starlette\_exception_handler.py", line 42, in wrapped_app
    await app(scope, receive, sender)
  File "C:\Apps\KAD_Mobile\active_directory_mobile\.venv\Lib\site-packages\fastapi\routing.py", line 145, in app
    await response(scope, receive, send)
  File "C:\Apps\KAD_Mobile\active_directory_mobile\.venv\Lib\site-packages\starlette\responses.py", line 352, in __call__
    raise RuntimeError(f"File at path {self.path} does not exist.")
RuntimeError: File at path C:\Apps\KAD_Mobile\active_directory_mobile\kad-pwa\dist\favicon.ico does not exist.
ERROR:    Exception in ASGI application
Traceback (most recent call last):
  File "C:\Apps\KAD_Mobile\active_directory_mobile\.venv\Lib\site-packages\starlette\responses.py", line 349, in __call__
    stat_result = await anyio.to_thread.run_sync(os.stat, self.path)
                  ^^^^^^^^^^^^^^^^^^^^^^^^^^^^^^^^^^^^^^^^^^^^^^^^^^
  File "C:\Apps\KAD_Mobile\active_directory_mobile\.venv\Lib\site-packages\anyio\to_thread.py", line 65, in run_sync
    return await get_async_backend().run_sync_in_worker_thread(
           ^^^^^^^^^^^^^^^^^^^^^^^^^^^^^^^^^^^^^^^^^^^^^^^^^^^^
  File "C:\Apps\KAD_Mobile\active_directory_mobile\.venv\Lib\site-packages\anyio\_backends\_asyncio.py", line 2641, in run_sync_in_worker_thread
    return await future
           ^^^^^^^^^^^^
  File "C:\Apps\KAD_Mobile\active_directory_mobile\.venv\Lib\site-packages\anyio\_backends\_asyncio.py", line 1033, in run
    result = context.run(func, *args)
             ^^^^^^^^^^^^^^^^^^^^^^^^
FileNotFoundError: [WinError 2] The system cannot find the file specified: 'C:\\Apps\\KAD_Mobile\\active_directory_mobile\\kad-pwa\\dist\\favicon.ico'

During handling of the above exception, another exception occurred:

Traceback (most recent call last):
  File "C:\Apps\KAD_Mobile\active_directory_mobile\.venv\Lib\site-packages\uvicorn\protocols\http\httptools_impl.py", line 422, in run_asgi
    result = await app(  # type: ignore[func-returns-value]
             ^^^^^^^^^^^^^^^^^^^^^^^^^^^^^^^^^^^^^^^^^^^^^^
  File "C:\Apps\KAD_Mobile\active_directory_mobile\.venv\Lib\site-packages\uvicorn\middleware\proxy_headers.py", line 63, in __call__
    return await self.app(scope, receive, send)
           ^^^^^^^^^^^^^^^^^^^^^^^^^^^^^^^^^^^^
  File "C:\Apps\KAD_Mobile\active_directory_mobile\.venv\Lib\site-packages\fastapi\applications.py", line 1163, in __call__
    await super().__call__(scope, receive, send)
  File "C:\Apps\KAD_Mobile\active_directory_mobile\.venv\Lib\site-packages\starlette\applications.py", line 90, in __call__
    await self.middleware_stack(scope, receive, send)
  File "C:\Apps\KAD_Mobile\active_directory_mobile\.venv\Lib\site-packages\starlette\middleware\errors.py", line 186, in __call__
    raise exc
  File "C:\Apps\KAD_Mobile\active_directory_mobile\.venv\Lib\site-packages\starlette\middleware\errors.py", line 164, in __call__
    await self.app(scope, receive, _send)
  File "C:\Apps\KAD_Mobile\active_directory_mobile\.venv\Lib\site-packages\starlette\middleware\cors.py", line 88, in __call__
    await self.app(scope, receive, send)
  File "C:\Apps\KAD_Mobile\active_directory_mobile\.venv\Lib\site-packages\starlette\middleware\exceptions.py", line 63, in __call__
    await wrap_app_handling_exceptions(self.app, conn)(scope, receive, send)
  File "C:\Apps\KAD_Mobile\active_directory_mobile\.venv\Lib\site-packages\starlette\_exception_handler.py", line 53, in wrapped_app
    raise exc
  File "C:\Apps\KAD_Mobile\active_directory_mobile\.venv\Lib\site-packages\starlette\_exception_handler.py", line 42, in wrapped_app
    await app(scope, receive, sender)
  File "C:\Apps\KAD_Mobile\active_directory_mobile\.venv\Lib\site-packages\fastapi\middleware\asyncexitstack.py", line 18, in __call__
    await self.app(scope, receive, send)
  File "C:\Apps\KAD_Mobile\active_directory_mobile\.venv\Lib\site-packages\starlette\routing.py", line 660, in __call__
    await self.middleware_stack(scope, receive, send)
  File "C:\Apps\KAD_Mobile\active_directory_mobile\.venv\Lib\site-packages\fastapi\routing.py", line 2734, in app
    await route.handle(scope, receive, send)
  File "C:\Apps\KAD_Mobile\active_directory_mobile\.venv\Lib\site-packages\fastapi\routing.py", line 1281, in handle
    await super().handle(scope, receive, send)
  File "C:\Apps\KAD_Mobile\active_directory_mobile\.venv\Lib\site-packages\starlette\routing.py", line 276, in handle
    await self.app(scope, receive, send)
  File "C:\Apps\KAD_Mobile\active_directory_mobile\.venv\Lib\site-packages\fastapi\routing.py", line 158, in app
    await wrap_app_handling_exceptions(app, request)(scope, receive, send)
  File "C:\Apps\KAD_Mobile\active_directory_mobile\.venv\Lib\site-packages\starlette\_exception_handler.py", line 53, in wrapped_app
    raise exc
  File "C:\Apps\KAD_Mobile\active_directory_mobile\.venv\Lib\site-packages\starlette\_exception_handler.py", line 42, in wrapped_app
    await app(scope, receive, sender)
  File "C:\Apps\KAD_Mobile\active_directory_mobile\.venv\Lib\site-packages\fastapi\routing.py", line 145, in app
    await response(scope, receive, send)
  File "C:\Apps\KAD_Mobile\active_directory_mobile\.venv\Lib\site-packages\starlette\responses.py", line 352, in __call__
    raise RuntimeError(f"File at path {self.path} does not exist.")
RuntimeError: File at path C:\Apps\KAD_Mobile\active_directory_mobile\kad-pwa\dist\favicon.ico does not exist.
ERROR:    Exception in ASGI application
Traceback (most recent call last):
  File "C:\Apps\KAD_Mobile\active_directory_mobile\.venv\Lib\site-packages\starlette\responses.py", line 349, in __call__
    stat_result = await anyio.to_thread.run_sync(os.stat, self.path)
                  ^^^^^^^^^^^^^^^^^^^^^^^^^^^^^^^^^^^^^^^^^^^^^^^^^^
  File "C:\Apps\KAD_Mobile\active_directory_mobile\.venv\Lib\site-packages\anyio\to_thread.py", line 65, in run_sync
    return await get_async_backend().run_sync_in_worker_thread(
           ^^^^^^^^^^^^^^^^^^^^^^^^^^^^^^^^^^^^^^^^^^^^^^^^^^^^
  File "C:\Apps\KAD_Mobile\active_directory_mobile\.venv\Lib\site-packages\anyio\_backends\_asyncio.py", line 2641, in run_sync_in_worker_thread
    return await future
           ^^^^^^^^^^^^
  File "C:\Apps\KAD_Mobile\active_directory_mobile\.venv\Lib\site-packages\anyio\_backends\_asyncio.py", line 1033, in run
    result = context.run(func, *args)
             ^^^^^^^^^^^^^^^^^^^^^^^^
FileNotFoundError: [WinError 2] The system cannot find the file specified: 'C:\\Apps\\KAD_Mobile\\active_directory_mobile\\kad-pwa\\dist\\favicon.ico'

During handling of the above exception, another exception occurred:

Traceback (most recent call last):
  File "C:\Apps\KAD_Mobile\active_directory_mobile\.venv\Lib\site-packages\uvicorn\protocols\http\httptools_impl.py", line 422, in run_asgi
    result = await app(  # type: ignore[func-returns-value]
             ^^^^^^^^^^^^^^^^^^^^^^^^^^^^^^^^^^^^^^^^^^^^^^
  File "C:\Apps\KAD_Mobile\active_directory_mobile\.venv\Lib\site-packages\uvicorn\middleware\proxy_headers.py", line 63, in __call__
    return await self.app(scope, receive, send)
           ^^^^^^^^^^^^^^^^^^^^^^^^^^^^^^^^^^^^
  File "C:\Apps\KAD_Mobile\active_directory_mobile\.venv\Lib\site-packages\fastapi\applications.py", line 1163, in __call__
    await super().__call__(scope, receive, send)
  File "C:\Apps\KAD_Mobile\active_directory_mobile\.venv\Lib\site-packages\starlette\applications.py", line 90, in __call__
    await self.middleware_stack(scope, receive, send)
  File "C:\Apps\KAD_Mobile\active_directory_mobile\.venv\Lib\site-packages\starlette\middleware\errors.py", line 186, in __call__
    raise exc
  File "C:\Apps\KAD_Mobile\active_directory_mobile\.venv\Lib\site-packages\starlette\middleware\errors.py", line 164, in __call__
    await self.app(scope, receive, _send)
  File "C:\Apps\KAD_Mobile\active_directory_mobile\.venv\Lib\site-packages\starlette\middleware\cors.py", line 88, in __call__
    await self.app(scope, receive, send)
  File "C:\Apps\KAD_Mobile\active_directory_mobile\.venv\Lib\site-packages\starlette\middleware\exceptions.py", line 63, in __call__
    await wrap_app_handling_exceptions(self.app, conn)(scope, receive, send)
  File "C:\Apps\KAD_Mobile\active_directory_mobile\.venv\Lib\site-packages\starlette\_exception_handler.py", line 53, in wrapped_app
    raise exc
  File "C:\Apps\KAD_Mobile\active_directory_mobile\.venv\Lib\site-packages\starlette\_exception_handler.py", line 42, in wrapped_app
    await app(scope, receive, sender)
  File "C:\Apps\KAD_Mobile\active_directory_mobile\.venv\Lib\site-packages\fastapi\middleware\asyncexitstack.py", line 18, in __call__
    await self.app(scope, receive, send)
  File "C:\Apps\KAD_Mobile\active_directory_mobile\.venv\Lib\site-packages\starlette\routing.py", line 660, in __call__
    await self.middleware_stack(scope, receive, send)
  File "C:\Apps\KAD_Mobile\active_directory_mobile\.venv\Lib\site-packages\fastapi\routing.py", line 2734, in app
    await route.handle(scope, receive, send)
  File "C:\Apps\KAD_Mobile\active_directory_mobile\.venv\Lib\site-packages\fastapi\routing.py", line 1281, in handle
    await super().handle(scope, receive, send)
  File "C:\Apps\KAD_Mobile\active_directory_mobile\.venv\Lib\site-packages\starlette\routing.py", line 276, in handle
    await self.app(scope, receive, send)
  File "C:\Apps\KAD_Mobile\active_directory_mobile\.venv\Lib\site-packages\fastapi\routing.py", line 158, in app
    await wrap_app_handling_exceptions(app, request)(scope, receive, send)
  File "C:\Apps\KAD_Mobile\active_directory_mobile\.venv\Lib\site-packages\starlette\_exception_handler.py", line 53, in wrapped_app
    raise exc
  File "C:\Apps\KAD_Mobile\active_directory_mobile\.venv\Lib\site-packages\starlette\_exception_handler.py", line 42, in wrapped_app
    await app(scope, receive, sender)
  File "C:\Apps\KAD_Mobile\active_directory_mobile\.venv\Lib\site-packages\fastapi\routing.py", line 145, in app
    await response(scope, receive, send)
  File "C:\Apps\KAD_Mobile\active_directory_mobile\.venv\Lib\site-packages\starlette\responses.py", line 352, in __call__
    raise RuntimeError(f"File at path {self.path} does not exist.")
RuntimeError: File at path C:\Apps\KAD_Mobile\active_directory_mobile\kad-pwa\dist\favicon.ico does not exist.
ERROR:    Exception in ASGI application
Traceback (most recent call last):
  File "C:\Apps\KAD_Mobile\active_directory_mobile\.venv\Lib\site-packages\starlette\responses.py", line 349, in __call__
    stat_result = await anyio.to_thread.run_sync(os.stat, self.path)
                  ^^^^^^^^^^^^^^^^^^^^^^^^^^^^^^^^^^^^^^^^^^^^^^^^^^
  File "C:\Apps\KAD_Mobile\active_directory_mobile\.venv\Lib\site-packages\anyio\to_thread.py", line 65, in run_sync
    return await get_async_backend().run_sync_in_worker_thread(
           ^^^^^^^^^^^^^^^^^^^^^^^^^^^^^^^^^^^^^^^^^^^^^^^^^^^^
  File "C:\Apps\KAD_Mobile\active_directory_mobile\.venv\Lib\site-packages\anyio\_backends\_asyncio.py", line 2641, in run_sync_in_worker_thread
    return await future
           ^^^^^^^^^^^^
  File "C:\Apps\KAD_Mobile\active_directory_mobile\.venv\Lib\site-packages\anyio\_backends\_asyncio.py", line 1033, in run
    result = context.run(func, *args)
             ^^^^^^^^^^^^^^^^^^^^^^^^
FileNotFoundError: [WinError 2] The system cannot find the file specified: 'C:\\Apps\\KAD_Mobile\\active_directory_mobile\\kad-pwa\\dist\\favicon.ico'

During handling of the above exception, another exception occurred:

Traceback (most recent call last):
  File "C:\Apps\KAD_Mobile\active_directory_mobile\.venv\Lib\site-packages\uvicorn\protocols\http\httptools_impl.py", line 422, in run_asgi
    result = await app(  # type: ignore[func-returns-value]
             ^^^^^^^^^^^^^^^^^^^^^^^^^^^^^^^^^^^^^^^^^^^^^^
  File "C:\Apps\KAD_Mobile\active_directory_mobile\.venv\Lib\site-packages\uvicorn\middleware\proxy_headers.py", line 63, in __call__
    return await self.app(scope, receive, send)
           ^^^^^^^^^^^^^^^^^^^^^^^^^^^^^^^^^^^^
  File "C:\Apps\KAD_Mobile\active_directory_mobile\.venv\Lib\site-packages\fastapi\applications.py", line 1163, in __call__
    await super().__call__(scope, receive, send)
  File "C:\Apps\KAD_Mobile\active_directory_mobile\.venv\Lib\site-packages\starlette\applications.py", line 90, in __call__
    await self.middleware_stack(scope, receive, send)
  File "C:\Apps\KAD_Mobile\active_directory_mobile\.venv\Lib\site-packages\starlette\middleware\errors.py", line 186, in __call__
    raise exc
  File "C:\Apps\KAD_Mobile\active_directory_mobile\.venv\Lib\site-packages\starlette\middleware\errors.py", line 164, in __call__
    await self.app(scope, receive, _send)
  File "C:\Apps\KAD_Mobile\active_directory_mobile\.venv\Lib\site-packages\starlette\middleware\cors.py", line 88, in __call__
    await self.app(scope, receive, send)
  File "C:\Apps\KAD_Mobile\active_directory_mobile\.venv\Lib\site-packages\starlette\middleware\exceptions.py", line 63, in __call__
    await wrap_app_handling_exceptions(self.app, conn)(scope, receive, send)
  File "C:\Apps\KAD_Mobile\active_directory_mobile\.venv\Lib\site-packages\starlette\_exception_handler.py", line 53, in wrapped_app
    raise exc
  File "C:\Apps\KAD_Mobile\active_directory_mobile\.venv\Lib\site-packages\starlette\_exception_handler.py", line 42, in wrapped_app
    await app(scope, receive, sender)
  File "C:\Apps\KAD_Mobile\active_directory_mobile\.venv\Lib\site-packages\fastapi\middleware\asyncexitstack.py", line 18, in __call__
    await self.app(scope, receive, send)
  File "C:\Apps\KAD_Mobile\active_directory_mobile\.venv\Lib\site-packages\starlette\routing.py", line 660, in __call__
    await self.middleware_stack(scope, receive, send)
  File "C:\Apps\KAD_Mobile\active_directory_mobile\.venv\Lib\site-packages\fastapi\routing.py", line 2734, in app
    await route.handle(scope, receive, send)
  File "C:\Apps\KAD_Mobile\active_directory_mobile\.venv\Lib\site-packages\fastapi\routing.py", line 1281, in handle
    await super().handle(scope, receive, send)
  File "C:\Apps\KAD_Mobile\active_directory_mobile\.venv\Lib\site-packages\starlette\routing.py", line 276, in handle
    await self.app(scope, receive, send)
  File "C:\Apps\KAD_Mobile\active_directory_mobile\.venv\Lib\site-packages\fastapi\routing.py", line 158, in app
    await wrap_app_handling_exceptions(app, request)(scope, receive, send)
  File "C:\Apps\KAD_Mobile\active_directory_mobile\.venv\Lib\site-packages\starlette\_exception_handler.py", line 53, in wrapped_app
    raise exc
  File "C:\Apps\KAD_Mobile\active_directory_mobile\.venv\Lib\site-packages\starlette\_exception_handler.py", line 42, in wrapped_app
    await app(scope, receive, sender)
  File "C:\Apps\KAD_Mobile\active_directory_mobile\.venv\Lib\site-packages\fastapi\routing.py", line 145, in app
    await response(scope, receive, send)
  File "C:\Apps\KAD_Mobile\active_directory_mobile\.venv\Lib\site-packages\starlette\responses.py", line 352, in __call__
    raise RuntimeError(f"File at path {self.path} does not exist.")
RuntimeError: File at path C:\Apps\KAD_Mobile\active_directory_mobile\kad-pwa\dist\favicon.ico does not exist.
ERROR:    Exception in ASGI application
Traceback (most recent call last):
  File "C:\Apps\KAD_Mobile\active_directory_mobile\.venv\Lib\site-packages\starlette\responses.py", line 349, in __call__
    stat_result = await anyio.to_thread.run_sync(os.stat, self.path)
                  ^^^^^^^^^^^^^^^^^^^^^^^^^^^^^^^^^^^^^^^^^^^^^^^^^^
  File "C:\Apps\KAD_Mobile\active_directory_mobile\.venv\Lib\site-packages\anyio\to_thread.py", line 65, in run_sync
    return await get_async_backend().run_sync_in_worker_thread(
           ^^^^^^^^^^^^^^^^^^^^^^^^^^^^^^^^^^^^^^^^^^^^^^^^^^^^
  File "C:\Apps\KAD_Mobile\active_directory_mobile\.venv\Lib\site-packages\anyio\_backends\_asyncio.py", line 2641, in run_sync_in_worker_thread
    return await future
           ^^^^^^^^^^^^
  File "C:\Apps\KAD_Mobile\active_directory_mobile\.venv\Lib\site-packages\anyio\_backends\_asyncio.py", line 1033, in run
    result = context.run(func, *args)
             ^^^^^^^^^^^^^^^^^^^^^^^^
FileNotFoundError: [WinError 2] The system cannot find the file specified: 'C:\\Apps\\KAD_Mobile\\active_directory_mobile\\kad-pwa\\dist\\favicon.ico'

During handling of the above exception, another exception occurred:

Traceback (most recent call last):
  File "C:\Apps\KAD_Mobile\active_directory_mobile\.venv\Lib\site-packages\uvicorn\protocols\http\httptools_impl.py", line 422, in run_asgi
    result = await app(  # type: ignore[func-returns-value]
             ^^^^^^^^^^^^^^^^^^^^^^^^^^^^^^^^^^^^^^^^^^^^^^
  File "C:\Apps\KAD_Mobile\active_directory_mobile\.venv\Lib\site-packages\uvicorn\middleware\proxy_headers.py", line 63, in __call__
    return await self.app(scope, receive, send)
           ^^^^^^^^^^^^^^^^^^^^^^^^^^^^^^^^^^^^
  File "C:\Apps\KAD_Mobile\active_directory_mobile\.venv\Lib\site-packages\fastapi\applications.py", line 1163, in __call__
    await super().__call__(scope, receive, send)
  File "C:\Apps\KAD_Mobile\active_directory_mobile\.venv\Lib\site-packages\starlette\applications.py", line 90, in __call__
    await self.middleware_stack(scope, receive, send)
  File "C:\Apps\KAD_Mobile\active_directory_mobile\.venv\Lib\site-packages\starlette\middleware\errors.py", line 186, in __call__
    raise exc
  File "C:\Apps\KAD_Mobile\active_directory_mobile\.venv\Lib\site-packages\starlette\middleware\errors.py", line 164, in __call__
    await self.app(scope, receive, _send)
  File "C:\Apps\KAD_Mobile\active_directory_mobile\.venv\Lib\site-packages\starlette\middleware\cors.py", line 88, in __call__
    await self.app(scope, receive, send)
  File "C:\Apps\KAD_Mobile\active_directory_mobile\.venv\Lib\site-packages\starlette\middleware\exceptions.py", line 63, in __call__
    await wrap_app_handling_exceptions(self.app, conn)(scope, receive, send)
  File "C:\Apps\KAD_Mobile\active_directory_mobile\.venv\Lib\site-packages\starlette\_exception_handler.py", line 53, in wrapped_app
    raise exc
  File "C:\Apps\KAD_Mobile\active_directory_mobile\.venv\Lib\site-packages\starlette\_exception_handler.py", line 42, in wrapped_app
    await app(scope, receive, sender)
  File "C:\Apps\KAD_Mobile\active_directory_mobile\.venv\Lib\site-packages\fastapi\middleware\asyncexitstack.py", line 18, in __call__
    await self.app(scope, receive, send)
  File "C:\Apps\KAD_Mobile\active_directory_mobile\.venv\Lib\site-packages\starlette\routing.py", line 660, in __call__
    await self.middleware_stack(scope, receive, send)
  File "C:\Apps\KAD_Mobile\active_directory_mobile\.venv\Lib\site-packages\fastapi\routing.py", line 2734, in app
    await route.handle(scope, receive, send)
  File "C:\Apps\KAD_Mobile\active_directory_mobile\.venv\Lib\site-packages\fastapi\routing.py", line 1281, in handle
    await super().handle(scope, receive, send)
  File "C:\Apps\KAD_Mobile\active_directory_mobile\.venv\Lib\site-packages\starlette\routing.py", line 276, in handle
    await self.app(scope, receive, send)
  File "C:\Apps\KAD_Mobile\active_directory_mobile\.venv\Lib\site-packages\fastapi\routing.py", line 158, in app
    await wrap_app_handling_exceptions(app, request)(scope, receive, send)
  File "C:\Apps\KAD_Mobile\active_directory_mobile\.venv\Lib\site-packages\starlette\_exception_handler.py", line 53, in wrapped_app
    raise exc
  File "C:\Apps\KAD_Mobile\active_directory_mobile\.venv\Lib\site-packages\starlette\_exception_handler.py", line 42, in wrapped_app
    await app(scope, receive, sender)
  File "C:\Apps\KAD_Mobile\active_directory_mobile\.venv\Lib\site-packages\fastapi\routing.py", line 145, in app
    await response(scope, receive, send)
  File "C:\Apps\KAD_Mobile\active_directory_mobile\.venv\Lib\site-packages\starlette\responses.py", line 352, in __call__
    raise RuntimeError(f"File at path {self.path} does not exist.")
RuntimeError: File at path C:\Apps\KAD_Mobile\active_directory_mobile\kad-pwa\dist\favicon.ico does not exist.
ERROR:    Exception in ASGI application
Traceback (most recent call last):
  File "C:\Apps\KAD_Mobile\active_directory_mobile\.venv\Lib\site-packages\starlette\responses.py", line 349, in __call__
    stat_result = await anyio.to_thread.run_sync(os.stat, self.path)
                  ^^^^^^^^^^^^^^^^^^^^^^^^^^^^^^^^^^^^^^^^^^^^^^^^^^
  File "C:\Apps\KAD_Mobile\active_directory_mobile\.venv\Lib\site-packages\anyio\to_thread.py", line 65, in run_sync
    return await get_async_backend().run_sync_in_worker_thread(
           ^^^^^^^^^^^^^^^^^^^^^^^^^^^^^^^^^^^^^^^^^^^^^^^^^^^^
  File "C:\Apps\KAD_Mobile\active_directory_mobile\.venv\Lib\site-packages\anyio\_backends\_asyncio.py", line 2641, in run_sync_in_worker_thread
    return await future
           ^^^^^^^^^^^^
  File "C:\Apps\KAD_Mobile\active_directory_mobile\.venv\Lib\site-packages\anyio\_backends\_asyncio.py", line 1033, in run
    result = context.run(func, *args)
             ^^^^^^^^^^^^^^^^^^^^^^^^
FileNotFoundError: [WinError 2] The system cannot find the file specified: 'C:\\Apps\\KAD_Mobile\\active_directory_mobile\\kad-pwa\\dist\\favicon.ico'

During handling of the above exception, another exception occurred:

Traceback (most recent call last):
  File "C:\Apps\KAD_Mobile\active_directory_mobile\.venv\Lib\site-packages\uvicorn\protocols\http\httptools_impl.py", line 422, in run_asgi
    result = await app(  # type: ignore[func-returns-value]
             ^^^^^^^^^^^^^^^^^^^^^^^^^^^^^^^^^^^^^^^^^^^^^^
  File "C:\Apps\KAD_Mobile\active_directory_mobile\.venv\Lib\site-packages\uvicorn\middleware\proxy_headers.py", line 63, in __call__
    return await self.app(scope, receive, send)
           ^^^^^^^^^^^^^^^^^^^^^^^^^^^^^^^^^^^^
  File "C:\Apps\KAD_Mobile\active_directory_mobile\.venv\Lib\site-packages\fastapi\applications.py", line 1163, in __call__
    await super().__call__(scope, receive, send)
  File "C:\Apps\KAD_Mobile\active_directory_mobile\.venv\Lib\site-packages\starlette\applications.py", line 90, in __call__
    await self.middleware_stack(scope, receive, send)
  File "C:\Apps\KAD_Mobile\active_directory_mobile\.venv\Lib\site-packages\starlette\middleware\errors.py", line 186, in __call__
    raise exc
  File "C:\Apps\KAD_Mobile\active_directory_mobile\.venv\Lib\site-packages\starlette\middleware\errors.py", line 164, in __call__
    await self.app(scope, receive, _send)
  File "C:\Apps\KAD_Mobile\active_directory_mobile\.venv\Lib\site-packages\starlette\middleware\cors.py", line 88, in __call__
    await self.app(scope, receive, send)
  File "C:\Apps\KAD_Mobile\active_directory_mobile\.venv\Lib\site-packages\starlette\middleware\exceptions.py", line 63, in __call__
    await wrap_app_handling_exceptions(self.app, conn)(scope, receive, send)
  File "C:\Apps\KAD_Mobile\active_directory_mobile\.venv\Lib\site-packages\starlette\_exception_handler.py", line 53, in wrapped_app
    raise exc
  File "C:\Apps\KAD_Mobile\active_directory_mobile\.venv\Lib\site-packages\starlette\_exception_handler.py", line 42, in wrapped_app
    await app(scope, receive, sender)
  File "C:\Apps\KAD_Mobile\active_directory_mobile\.venv\Lib\site-packages\fastapi\middleware\asyncexitstack.py", line 18, in __call__
    await self.app(scope, receive, send)
  File "C:\Apps\KAD_Mobile\active_directory_mobile\.venv\Lib\site-packages\starlette\routing.py", line 660, in __call__
    await self.middleware_stack(scope, receive, send)
  File "C:\Apps\KAD_Mobile\active_directory_mobile\.venv\Lib\site-packages\fastapi\routing.py", line 2734, in app
    await route.handle(scope, receive, send)
  File "C:\Apps\KAD_Mobile\active_directory_mobile\.venv\Lib\site-packages\fastapi\routing.py", line 1281, in handle
    await super().handle(scope, receive, send)
  File "C:\Apps\KAD_Mobile\active_directory_mobile\.venv\Lib\site-packages\starlette\routing.py", line 276, in handle
    await self.app(scope, receive, send)
  File "C:\Apps\KAD_Mobile\active_directory_mobile\.venv\Lib\site-packages\fastapi\routing.py", line 158, in app
    await wrap_app_handling_exceptions(app, request)(scope, receive, send)
  File "C:\Apps\KAD_Mobile\active_directory_mobile\.venv\Lib\site-packages\starlette\_exception_handler.py", line 53, in wrapped_app
    raise exc
  File "C:\Apps\KAD_Mobile\active_directory_mobile\.venv\Lib\site-packages\starlette\_exception_handler.py", line 42, in wrapped_app
    await app(scope, receive, sender)
  File "C:\Apps\KAD_Mobile\active_directory_mobile\.venv\Lib\site-packages\fastapi\routing.py", line 145, in app
    await response(scope, receive, send)
  File "C:\Apps\KAD_Mobile\active_directory_mobile\.venv\Lib\site-packages\starlette\responses.py", line 352, in __call__
    raise RuntimeError(f"File at path {self.path} does not exist.")
RuntimeError: File at path C:\Apps\KAD_Mobile\active_directory_mobile\kad-pwa\dist\favicon.ico does not exist.
ERROR:    Exception in ASGI application
Traceback (most recent call last):
  File "C:\Apps\KAD_Mobile\active_directory_mobile\.venv\Lib\site-packages\starlette\responses.py", line 349, in __call__
    stat_result = await anyio.to_thread.run_sync(os.stat, self.path)
                  ^^^^^^^^^^^^^^^^^^^^^^^^^^^^^^^^^^^^^^^^^^^^^^^^^^
  File "C:\Apps\KAD_Mobile\active_directory_mobile\.venv\Lib\site-packages\anyio\to_thread.py", line 65, in run_sync
    return await get_async_backend().run_sync_in_worker_thread(
           ^^^^^^^^^^^^^^^^^^^^^^^^^^^^^^^^^^^^^^^^^^^^^^^^^^^^
  File "C:\Apps\KAD_Mobile\active_directory_mobile\.venv\Lib\site-packages\anyio\_backends\_asyncio.py", line 2641, in run_sync_in_worker_thread
    return await future
           ^^^^^^^^^^^^
  File "C:\Apps\KAD_Mobile\active_directory_mobile\.venv\Lib\site-packages\anyio\_backends\_asyncio.py", line 1033, in run
    result = context.run(func, *args)
             ^^^^^^^^^^^^^^^^^^^^^^^^
FileNotFoundError: [WinError 2] The system cannot find the file specified: 'C:\\Apps\\KAD_Mobile\\active_directory_mobile\\kad-pwa\\dist\\favicon.ico'

During handling of the above exception, another exception occurred:

Traceback (most recent call last):
  File "C:\Apps\KAD_Mobile\active_directory_mobile\.venv\Lib\site-packages\uvicorn\protocols\http\httptools_impl.py", line 422, in run_asgi
    result = await app(  # type: ignore[func-returns-value]
             ^^^^^^^^^^^^^^^^^^^^^^^^^^^^^^^^^^^^^^^^^^^^^^
  File "C:\Apps\KAD_Mobile\active_directory_mobile\.venv\Lib\site-packages\uvicorn\middleware\proxy_headers.py", line 63, in __call__
    return await self.app(scope, receive, send)
           ^^^^^^^^^^^^^^^^^^^^^^^^^^^^^^^^^^^^
  File "C:\Apps\KAD_Mobile\active_directory_mobile\.venv\Lib\site-packages\fastapi\applications.py", line 1163, in __call__
    await super().__call__(scope, receive, send)
  File "C:\Apps\KAD_Mobile\active_directory_mobile\.venv\Lib\site-packages\starlette\applications.py", line 90, in __call__
    await self.middleware_stack(scope, receive, send)
  File "C:\Apps\KAD_Mobile\active_directory_mobile\.venv\Lib\site-packages\starlette\middleware\errors.py", line 186, in __call__
    raise exc
  File "C:\Apps\KAD_Mobile\active_directory_mobile\.venv\Lib\site-packages\starlette\middleware\errors.py", line 164, in __call__
    await self.app(scope, receive, _send)
  File "C:\Apps\KAD_Mobile\active_directory_mobile\.venv\Lib\site-packages\starlette\middleware\cors.py", line 88, in __call__
    await self.app(scope, receive, send)
  File "C:\Apps\KAD_Mobile\active_directory_mobile\.venv\Lib\site-packages\starlette\middleware\exceptions.py", line 63, in __call__
    await wrap_app_handling_exceptions(self.app, conn)(scope, receive, send)
  File "C:\Apps\KAD_Mobile\active_directory_mobile\.venv\Lib\site-packages\starlette\_exception_handler.py", line 53, in wrapped_app
    raise exc
  File "C:\Apps\KAD_Mobile\active_directory_mobile\.venv\Lib\site-packages\starlette\_exception_handler.py", line 42, in wrapped_app
    await app(scope, receive, sender)
  File "C:\Apps\KAD_Mobile\active_directory_mobile\.venv\Lib\site-packages\fastapi\middleware\asyncexitstack.py", line 18, in __call__
    await self.app(scope, receive, send)
  File "C:\Apps\KAD_Mobile\active_directory_mobile\.venv\Lib\site-packages\starlette\routing.py", line 660, in __call__
    await self.middleware_stack(scope, receive, send)
  File "C:\Apps\KAD_Mobile\active_directory_mobile\.venv\Lib\site-packages\fastapi\routing.py", line 2734, in app
    await route.handle(scope, receive, send)
  File "C:\Apps\KAD_Mobile\active_directory_mobile\.venv\Lib\site-packages\fastapi\routing.py", line 1281, in handle
    await super().handle(scope, receive, send)
  File "C:\Apps\KAD_Mobile\active_directory_mobile\.venv\Lib\site-packages\starlette\routing.py", line 276, in handle
    await self.app(scope, receive, send)
  File "C:\Apps\KAD_Mobile\active_directory_mobile\.venv\Lib\site-packages\fastapi\routing.py", line 158, in app
    await wrap_app_handling_exceptions(app, request)(scope, receive, send)
  File "C:\Apps\KAD_Mobile\active_directory_mobile\.venv\Lib\site-packages\starlette\_exception_handler.py", line 53, in wrapped_app
    raise exc
  File "C:\Apps\KAD_Mobile\active_directory_mobile\.venv\Lib\site-packages\starlette\_exception_handler.py", line 42, in wrapped_app
    await app(scope, receive, sender)
  File "C:\Apps\KAD_Mobile\active_directory_mobile\.venv\Lib\site-packages\fastapi\routing.py", line 145, in app
    await response(scope, receive, send)
  File "C:\Apps\KAD_Mobile\active_directory_mobile\.venv\Lib\site-packages\starlette\responses.py", line 352, in __call__
    raise RuntimeError(f"File at path {self.path} does not exist.")
RuntimeError: File at path C:\Apps\KAD_Mobile\active_directory_mobile\kad-pwa\dist\favicon.ico does not exist.
ERROR:    Exception in ASGI application
Traceback (most recent call last):
  File "C:\Apps\KAD_Mobile\active_directory_mobile\.venv\Lib\site-packages\starlette\responses.py", line 349, in __call__
    stat_result = await anyio.to_thread.run_sync(os.stat, self.path)
                  ^^^^^^^^^^^^^^^^^^^^^^^^^^^^^^^^^^^^^^^^^^^^^^^^^^
  File "C:\Apps\KAD_Mobile\active_directory_mobile\.venv\Lib\site-packages\anyio\to_thread.py", line 65, in run_sync
    return await get_async_backend().run_sync_in_worker_thread(
           ^^^^^^^^^^^^^^^^^^^^^^^^^^^^^^^^^^^^^^^^^^^^^^^^^^^^
  File "C:\Apps\KAD_Mobile\active_directory_mobile\.venv\Lib\site-packages\anyio\_backends\_asyncio.py", line 2641, in run_sync_in_worker_thread
    return await future
           ^^^^^^^^^^^^
  File "C:\Apps\KAD_Mobile\active_directory_mobile\.venv\Lib\site-packages\anyio\_backends\_asyncio.py", line 1033, in run
    result = context.run(func, *args)
             ^^^^^^^^^^^^^^^^^^^^^^^^
FileNotFoundError: [WinError 2] The system cannot find the file specified: 'C:\\Apps\\KAD_Mobile\\active_directory_mobile\\kad-pwa\\dist\\favicon.ico'

During handling of the above exception, another exception occurred:

Traceback (most recent call last):
  File "C:\Apps\KAD_Mobile\active_directory_mobile\.venv\Lib\site-packages\uvicorn\protocols\http\httptools_impl.py", line 422, in run_asgi
    result = await app(  # type: ignore[func-returns-value]
             ^^^^^^^^^^^^^^^^^^^^^^^^^^^^^^^^^^^^^^^^^^^^^^
  File "C:\Apps\KAD_Mobile\active_directory_mobile\.venv\Lib\site-packages\uvicorn\middleware\proxy_headers.py", line 63, in __call__
    return await self.app(scope, receive, send)
           ^^^^^^^^^^^^^^^^^^^^^^^^^^^^^^^^^^^^
  File "C:\Apps\KAD_Mobile\active_directory_mobile\.venv\Lib\site-packages\fastapi\applications.py", line 1163, in __call__
    await super().__call__(scope, receive, send)
  File "C:\Apps\KAD_Mobile\active_directory_mobile\.venv\Lib\site-packages\starlette\applications.py", line 90, in __call__
    await self.middleware_stack(scope, receive, send)
  File "C:\Apps\KAD_Mobile\active_directory_mobile\.venv\Lib\site-packages\starlette\middleware\errors.py", line 186, in __call__
    raise exc
  File "C:\Apps\KAD_Mobile\active_directory_mobile\.venv\Lib\site-packages\starlette\middleware\errors.py", line 164, in __call__
    await self.app(scope, receive, _send)
  File "C:\Apps\KAD_Mobile\active_directory_mobile\.venv\Lib\site-packages\starlette\middleware\cors.py", line 88, in __call__
    await self.app(scope, receive, send)
  File "C:\Apps\KAD_Mobile\active_directory_mobile\.venv\Lib\site-packages\starlette\middleware\exceptions.py", line 63, in __call__
    await wrap_app_handling_exceptions(self.app, conn)(scope, receive, send)
  File "C:\Apps\KAD_Mobile\active_directory_mobile\.venv\Lib\site-packages\starlette\_exception_handler.py", line 53, in wrapped_app
    raise exc
  File "C:\Apps\KAD_Mobile\active_directory_mobile\.venv\Lib\site-packages\starlette\_exception_handler.py", line 42, in wrapped_app
    await app(scope, receive, sender)
  File "C:\Apps\KAD_Mobile\active_directory_mobile\.venv\Lib\site-packages\fastapi\middleware\asyncexitstack.py", line 18, in __call__
    await self.app(scope, receive, send)
  File "C:\Apps\KAD_Mobile\active_directory_mobile\.venv\Lib\site-packages\starlette\routing.py", line 660, in __call__
    await self.middleware_stack(scope, receive, send)
  File "C:\Apps\KAD_Mobile\active_directory_mobile\.venv\Lib\site-packages\fastapi\routing.py", line 2734, in app
    await route.handle(scope, receive, send)
  File "C:\Apps\KAD_Mobile\active_directory_mobile\.venv\Lib\site-packages\fastapi\routing.py", line 1281, in handle
    await super().handle(scope, receive, send)
  File "C:\Apps\KAD_Mobile\active_directory_mobile\.venv\Lib\site-packages\starlette\routing.py", line 276, in handle
    await self.app(scope, receive, send)
  File "C:\Apps\KAD_Mobile\active_directory_mobile\.venv\Lib\site-packages\fastapi\routing.py", line 158, in app
    await wrap_app_handling_exceptions(app, request)(scope, receive, send)
  File "C:\Apps\KAD_Mobile\active_directory_mobile\.venv\Lib\site-packages\starlette\_exception_handler.py", line 53, in wrapped_app
    raise exc
  File "C:\Apps\KAD_Mobile\active_directory_mobile\.venv\Lib\site-packages\starlette\_exception_handler.py", line 42, in wrapped_app
    await app(scope, receive, sender)
  File "C:\Apps\KAD_Mobile\active_directory_mobile\.venv\Lib\site-packages\fastapi\routing.py", line 145, in app
    await response(scope, receive, send)
  File "C:\Apps\KAD_Mobile\active_directory_mobile\.venv\Lib\site-packages\starlette\responses.py", line 352, in __call__
    raise RuntimeError(f"File at path {self.path} does not exist.")
RuntimeError: File at path C:\Apps\KAD_Mobile\active_directory_mobile\kad-pwa\dist\favicon.ico does not exist.
ERROR:    Exception in ASGI application
Traceback (most recent call last):
  File "C:\Apps\KAD_Mobile\active_directory_mobile\.venv\Lib\site-packages\starlette\responses.py", line 349, in __call__
    stat_result = await anyio.to_thread.run_sync(os.stat, self.path)
                  ^^^^^^^^^^^^^^^^^^^^^^^^^^^^^^^^^^^^^^^^^^^^^^^^^^
  File "C:\Apps\KAD_Mobile\active_directory_mobile\.venv\Lib\site-packages\anyio\to_thread.py", line 65, in run_sync
    return await get_async_backend().run_sync_in_worker_thread(
           ^^^^^^^^^^^^^^^^^^^^^^^^^^^^^^^^^^^^^^^^^^^^^^^^^^^^
  File "C:\Apps\KAD_Mobile\active_directory_mobile\.venv\Lib\site-packages\anyio\_backends\_asyncio.py", line 2641, in run_sync_in_worker_thread
    return await future
           ^^^^^^^^^^^^
  File "C:\Apps\KAD_Mobile\active_directory_mobile\.venv\Lib\site-packages\anyio\_backends\_asyncio.py", line 1033, in run
    result = context.run(func, *args)
             ^^^^^^^^^^^^^^^^^^^^^^^^
FileNotFoundError: [WinError 2] The system cannot find the file specified: 'C:\\Apps\\KAD_Mobile\\active_directory_mobile\\kad-pwa\\dist\\favicon.ico'

During handling of the above exception, another exception occurred:

Traceback (most recent call last):
  File "C:\Apps\KAD_Mobile\active_directory_mobile\.venv\Lib\site-packages\uvicorn\protocols\http\httptools_impl.py", line 422, in run_asgi
    result = await app(  # type: ignore[func-returns-value]
             ^^^^^^^^^^^^^^^^^^^^^^^^^^^^^^^^^^^^^^^^^^^^^^
  File "C:\Apps\KAD_Mobile\active_directory_mobile\.venv\Lib\site-packages\uvicorn\middleware\proxy_headers.py", line 63, in __call__
    return await self.app(scope, receive, send)
           ^^^^^^^^^^^^^^^^^^^^^^^^^^^^^^^^^^^^
  File "C:\Apps\KAD_Mobile\active_directory_mobile\.venv\Lib\site-packages\fastapi\applications.py", line 1163, in __call__
    await super().__call__(scope, receive, send)
  File "C:\Apps\KAD_Mobile\active_directory_mobile\.venv\Lib\site-packages\starlette\applications.py", line 90, in __call__
    await self.middleware_stack(scope, receive, send)
  File "C:\Apps\KAD_Mobile\active_directory_mobile\.venv\Lib\site-packages\starlette\middleware\errors.py", line 186, in __call__
    raise exc
  File "C:\Apps\KAD_Mobile\active_directory_mobile\.venv\Lib\site-packages\starlette\middleware\errors.py", line 164, in __call__
    await self.app(scope, receive, _send)
  File "C:\Apps\KAD_Mobile\active_directory_mobile\.venv\Lib\site-packages\starlette\middleware\cors.py", line 88, in __call__
    await self.app(scope, receive, send)
  File "C:\Apps\KAD_Mobile\active_directory_mobile\.venv\Lib\site-packages\starlette\middleware\exceptions.py", line 63, in __call__
    await wrap_app_handling_exceptions(self.app, conn)(scope, receive, send)
  File "C:\Apps\KAD_Mobile\active_directory_mobile\.venv\Lib\site-packages\starlette\_exception_handler.py", line 53, in wrapped_app
    raise exc
  File "C:\Apps\KAD_Mobile\active_directory_mobile\.venv\Lib\site-packages\starlette\_exception_handler.py", line 42, in wrapped_app
    await app(scope, receive, sender)
  File "C:\Apps\KAD_Mobile\active_directory_mobile\.venv\Lib\site-packages\fastapi\middleware\asyncexitstack.py", line 18, in __call__
    await self.app(scope, receive, send)
  File "C:\Apps\KAD_Mobile\active_directory_mobile\.venv\Lib\site-packages\starlette\routing.py", line 660, in __call__
    await self.middleware_stack(scope, receive, send)
  File "C:\Apps\KAD_Mobile\active_directory_mobile\.venv\Lib\site-packages\fastapi\routing.py", line 2734, in app
    await route.handle(scope, receive, send)
  File "C:\Apps\KAD_Mobile\active_directory_mobile\.venv\Lib\site-packages\fastapi\routing.py", line 1281, in handle
    await super().handle(scope, receive, send)
  File "C:\Apps\KAD_Mobile\active_directory_mobile\.venv\Lib\site-packages\starlette\routing.py", line 276, in handle
    await self.app(scope, receive, send)
  File "C:\Apps\KAD_Mobile\active_directory_mobile\.venv\Lib\site-packages\fastapi\routing.py", line 158, in app
    await wrap_app_handling_exceptions(app, request)(scope, receive, send)
  File "C:\Apps\KAD_Mobile\active_directory_mobile\.venv\Lib\site-packages\starlette\_exception_handler.py", line 53, in wrapped_app
    raise exc
  File "C:\Apps\KAD_Mobile\active_directory_mobile\.venv\Lib\site-packages\starlette\_exception_handler.py", line 42, in wrapped_app
    await app(scope, receive, sender)
  File "C:\Apps\KAD_Mobile\active_directory_mobile\.venv\Lib\site-packages\fastapi\routing.py", line 145, in app
    await response(scope, receive, send)
  File "C:\Apps\KAD_Mobile\active_directory_mobile\.venv\Lib\site-packages\starlette\responses.py", line 352, in __call__
    raise RuntimeError(f"File at path {self.path} does not exist.")
RuntimeError: File at path C:\Apps\KAD_Mobile\active_directory_mobile\kad-pwa\dist\favicon.ico does not exist.
ERROR:    Exception in ASGI application
Traceback (most recent call last):
  File "C:\Apps\KAD_Mobile\active_directory_mobile\.venv\Lib\site-packages\starlette\responses.py", line 349, in __call__
    stat_result = await anyio.to_thread.run_sync(os.stat, self.path)
                  ^^^^^^^^^^^^^^^^^^^^^^^^^^^^^^^^^^^^^^^^^^^^^^^^^^
  File "C:\Apps\KAD_Mobile\active_directory_mobile\.venv\Lib\site-packages\anyio\to_thread.py", line 65, in run_sync
    return await get_async_backend().run_sync_in_worker_thread(
           ^^^^^^^^^^^^^^^^^^^^^^^^^^^^^^^^^^^^^^^^^^^^^^^^^^^^
  File "C:\Apps\KAD_Mobile\active_directory_mobile\.venv\Lib\site-packages\anyio\_backends\_asyncio.py", line 2641, in run_sync_in_worker_thread
    return await future
           ^^^^^^^^^^^^
  File "C:\Apps\KAD_Mobile\active_directory_mobile\.venv\Lib\site-packages\anyio\_backends\_asyncio.py", line 1033, in run
    result = context.run(func, *args)
             ^^^^^^^^^^^^^^^^^^^^^^^^
FileNotFoundError: [WinError 2] The system cannot find the file specified: 'C:\\Apps\\KAD_Mobile\\active_directory_mobile\\kad-pwa\\dist\\favicon.ico'

During handling of the above exception, another exception occurred:

Traceback (most recent call last):
  File "C:\Apps\KAD_Mobile\active_directory_mobile\.venv\Lib\site-packages\uvicorn\protocols\http\httptools_impl.py", line 422, in run_asgi
    result = await app(  # type: ignore[func-returns-value]
             ^^^^^^^^^^^^^^^^^^^^^^^^^^^^^^^^^^^^^^^^^^^^^^
  File "C:\Apps\KAD_Mobile\active_directory_mobile\.venv\Lib\site-packages\uvicorn\middleware\proxy_headers.py", line 63, in __call__
    return await self.app(scope, receive, send)
           ^^^^^^^^^^^^^^^^^^^^^^^^^^^^^^^^^^^^
  File "C:\Apps\KAD_Mobile\active_directory_mobile\.venv\Lib\site-packages\fastapi\applications.py", line 1163, in __call__
    await super().__call__(scope, receive, send)
  File "C:\Apps\KAD_Mobile\active_directory_mobile\.venv\Lib\site-packages\starlette\applications.py", line 90, in __call__
    await self.middleware_stack(scope, receive, send)
  File "C:\Apps\KAD_Mobile\active_directory_mobile\.venv\Lib\site-packages\starlette\middleware\errors.py", line 186, in __call__
    raise exc
  File "C:\Apps\KAD_Mobile\active_directory_mobile\.venv\Lib\site-packages\starlette\middleware\errors.py", line 164, in __call__
    await self.app(scope, receive, _send)
  File "C:\Apps\KAD_Mobile\active_directory_mobile\.venv\Lib\site-packages\starlette\middleware\cors.py", line 88, in __call__
    await self.app(scope, receive, send)
  File "C:\Apps\KAD_Mobile\active_directory_mobile\.venv\Lib\site-packages\starlette\middleware\exceptions.py", line 63, in __call__
    await wrap_app_handling_exceptions(self.app, conn)(scope, receive, send)
  File "C:\Apps\KAD_Mobile\active_directory_mobile\.venv\Lib\site-packages\starlette\_exception_handler.py", line 53, in wrapped_app
    raise exc
  File "C:\Apps\KAD_Mobile\active_directory_mobile\.venv\Lib\site-packages\starlette\_exception_handler.py", line 42, in wrapped_app
    await app(scope, receive, sender)
  File "C:\Apps\KAD_Mobile\active_directory_mobile\.venv\Lib\site-packages\fastapi\middleware\asyncexitstack.py", line 18, in __call__
    await self.app(scope, receive, send)
  File "C:\Apps\KAD_Mobile\active_directory_mobile\.venv\Lib\site-packages\starlette\routing.py", line 660, in __call__
    await self.middleware_stack(scope, receive, send)
  File "C:\Apps\KAD_Mobile\active_directory_mobile\.venv\Lib\site-packages\fastapi\routing.py", line 2734, in app
    await route.handle(scope, receive, send)
  File "C:\Apps\KAD_Mobile\active_directory_mobile\.venv\Lib\site-packages\fastapi\routing.py", line 1281, in handle
    await super().handle(scope, receive, send)
  File "C:\Apps\KAD_Mobile\active_directory_mobile\.venv\Lib\site-packages\starlette\routing.py", line 276, in handle
    await self.app(scope, receive, send)
  File "C:\Apps\KAD_Mobile\active_directory_mobile\.venv\Lib\site-packages\fastapi\routing.py", line 158, in app
    await wrap_app_handling_exceptions(app, request)(scope, receive, send)
  File "C:\Apps\KAD_Mobile\active_directory_mobile\.venv\Lib\site-packages\starlette\_exception_handler.py", line 53, in wrapped_app
    raise exc
  File "C:\Apps\KAD_Mobile\active_directory_mobile\.venv\Lib\site-packages\starlette\_exception_handler.py", line 42, in wrapped_app
    await app(scope, receive, sender)
  File "C:\Apps\KAD_Mobile\active_directory_mobile\.venv\Lib\site-packages\fastapi\routing.py", line 145, in app
    await response(scope, receive, send)
  File "C:\Apps\KAD_Mobile\active_directory_mobile\.venv\Lib\site-packages\starlette\responses.py", line 352, in __call__
    raise RuntimeError(f"File at path {self.path} does not exist.")
RuntimeError: File at path C:\Apps\KAD_Mobile\active_directory_mobile\kad-pwa\dist\favicon.ico does not exist.
ERROR:    Exception in ASGI application
Traceback (most recent call last):
  File "C:\Apps\KAD_Mobile\active_directory_mobile\.venv\Lib\site-packages\starlette\responses.py", line 349, in __call__
    stat_result = await anyio.to_thread.run_sync(os.stat, self.path)
                  ^^^^^^^^^^^^^^^^^^^^^^^^^^^^^^^^^^^^^^^^^^^^^^^^^^
  File "C:\Apps\KAD_Mobile\active_directory_mobile\.venv\Lib\site-packages\anyio\to_thread.py", line 65, in run_sync
    return await get_async_backend().run_sync_in_worker_thread(
           ^^^^^^^^^^^^^^^^^^^^^^^^^^^^^^^^^^^^^^^^^^^^^^^^^^^^
  File "C:\Apps\KAD_Mobile\active_directory_mobile\.venv\Lib\site-packages\anyio\_backends\_asyncio.py", line 2641, in run_sync_in_worker_thread
    return await future
           ^^^^^^^^^^^^
  File "C:\Apps\KAD_Mobile\active_directory_mobile\.venv\Lib\site-packages\anyio\_backends\_asyncio.py", line 1033, in run
    result = context.run(func, *args)
             ^^^^^^^^^^^^^^^^^^^^^^^^
FileNotFoundError: [WinError 2] The system cannot find the file specified: 'C:\\Apps\\KAD_Mobile\\active_directory_mobile\\kad-pwa\\dist\\favicon.ico'

During handling of the above exception, another exception occurred:

Traceback (most recent call last):
  File "C:\Apps\KAD_Mobile\active_directory_mobile\.venv\Lib\site-packages\uvicorn\protocols\http\httptools_impl.py", line 422, in run_asgi
    result = await app(  # type: ignore[func-returns-value]
             ^^^^^^^^^^^^^^^^^^^^^^^^^^^^^^^^^^^^^^^^^^^^^^
  File "C:\Apps\KAD_Mobile\active_directory_mobile\.venv\Lib\site-packages\uvicorn\middleware\proxy_headers.py", line 63, in __call__
    return await self.app(scope, receive, send)
           ^^^^^^^^^^^^^^^^^^^^^^^^^^^^^^^^^^^^
  File "C:\Apps\KAD_Mobile\active_directory_mobile\.venv\Lib\site-packages\fastapi\applications.py", line 1163, in __call__
    await super().__call__(scope, receive, send)
  File "C:\Apps\KAD_Mobile\active_directory_mobile\.venv\Lib\site-packages\starlette\applications.py", line 90, in __call__
    await self.middleware_stack(scope, receive, send)
  File "C:\Apps\KAD_Mobile\active_directory_mobile\.venv\Lib\site-packages\starlette\middleware\errors.py", line 186, in __call__
    raise exc
  File "C:\Apps\KAD_Mobile\active_directory_mobile\.venv\Lib\site-packages\starlette\middleware\errors.py", line 164, in __call__
    await self.app(scope, receive, _send)
  File "C:\Apps\KAD_Mobile\active_directory_mobile\.venv\Lib\site-packages\starlette\middleware\cors.py", line 88, in __call__
    await self.app(scope, receive, send)
  File "C:\Apps\KAD_Mobile\active_directory_mobile\.venv\Lib\site-packages\starlette\middleware\exceptions.py", line 63, in __call__
    await wrap_app_handling_exceptions(self.app, conn)(scope, receive, send)
  File "C:\Apps\KAD_Mobile\active_directory_mobile\.venv\Lib\site-packages\starlette\_exception_handler.py", line 53, in wrapped_app
    raise exc
  File "C:\Apps\KAD_Mobile\active_directory_mobile\.venv\Lib\site-packages\starlette\_exception_handler.py", line 42, in wrapped_app
    await app(scope, receive, sender)
  File "C:\Apps\KAD_Mobile\active_directory_mobile\.venv\Lib\site-packages\fastapi\middleware\asyncexitstack.py", line 18, in __call__
    await self.app(scope, receive, send)
  File "C:\Apps\KAD_Mobile\active_directory_mobile\.venv\Lib\site-packages\starlette\routing.py", line 660, in __call__
    await self.middleware_stack(scope, receive, send)
  File "C:\Apps\KAD_Mobile\active_directory_mobile\.venv\Lib\site-packages\fastapi\routing.py", line 2734, in app
    await route.handle(scope, receive, send)
  File "C:\Apps\KAD_Mobile\active_directory_mobile\.venv\Lib\site-packages\fastapi\routing.py", line 1281, in handle
    await super().handle(scope, receive, send)
  File "C:\Apps\KAD_Mobile\active_directory_mobile\.venv\Lib\site-packages\starlette\routing.py", line 276, in handle
    await self.app(scope, receive, send)
  File "C:\Apps\KAD_Mobile\active_directory_mobile\.venv\Lib\site-packages\fastapi\routing.py", line 158, in app
    await wrap_app_handling_exceptions(app, request)(scope, receive, send)
  File "C:\Apps\KAD_Mobile\active_directory_mobile\.venv\Lib\site-packages\starlette\_exception_handler.py", line 53, in wrapped_app
    raise exc
  File "C:\Apps\KAD_Mobile\active_directory_mobile\.venv\Lib\site-packages\starlette\_exception_handler.py", line 42, in wrapped_app
    await app(scope, receive, sender)
  File "C:\Apps\KAD_Mobile\active_directory_mobile\.venv\Lib\site-packages\fastapi\routing.py", line 145, in app
    await response(scope, receive, send)
  File "C:\Apps\KAD_Mobile\active_directory_mobile\.venv\Lib\site-packages\starlette\responses.py", line 352, in __call__
    raise RuntimeError(f"File at path {self.path} does not exist.")
RuntimeError: File at path C:\Apps\KAD_Mobile\active_directory_mobile\kad-pwa\dist\favicon.ico does not exist.
ERROR:    Exception in ASGI application
Traceback (most recent call last):
  File "C:\Apps\KAD_Mobile\active_directory_mobile\.venv\Lib\site-packages\starlette\responses.py", line 349, in __call__
    stat_result = await anyio.to_thread.run_sync(os.stat, self.path)
                  ^^^^^^^^^^^^^^^^^^^^^^^^^^^^^^^^^^^^^^^^^^^^^^^^^^
  File "C:\Apps\KAD_Mobile\active_directory_mobile\.venv\Lib\site-packages\anyio\to_thread.py", line 65, in run_sync
    return await get_async_backend().run_sync_in_worker_thread(
           ^^^^^^^^^^^^^^^^^^^^^^^^^^^^^^^^^^^^^^^^^^^^^^^^^^^^
  File "C:\Apps\KAD_Mobile\active_directory_mobile\.venv\Lib\site-packages\anyio\_backends\_asyncio.py", line 2641, in run_sync_in_worker_thread
    return await future
           ^^^^^^^^^^^^
  File "C:\Apps\KAD_Mobile\active_directory_mobile\.venv\Lib\site-packages\anyio\_backends\_asyncio.py", line 1033, in run
    result = context.run(func, *args)
             ^^^^^^^^^^^^^^^^^^^^^^^^
FileNotFoundError: [WinError 2] The system cannot find the file specified: 'C:\\Apps\\KAD_Mobile\\active_directory_mobile\\kad-pwa\\dist\\favicon.ico'

During handling of the above exception, another exception occurred:

Traceback (most recent call last):
  File "C:\Apps\KAD_Mobile\active_directory_mobile\.venv\Lib\site-packages\uvicorn\protocols\http\httptools_impl.py", line 422, in run_asgi
    result = await app(  # type: ignore[func-returns-value]
             ^^^^^^^^^^^^^^^^^^^^^^^^^^^^^^^^^^^^^^^^^^^^^^
  File "C:\Apps\KAD_Mobile\active_directory_mobile\.venv\Lib\site-packages\uvicorn\middleware\proxy_headers.py", line 63, in __call__
    return await self.app(scope, receive, send)
           ^^^^^^^^^^^^^^^^^^^^^^^^^^^^^^^^^^^^
  File "C:\Apps\KAD_Mobile\active_directory_mobile\.venv\Lib\site-packages\fastapi\applications.py", line 1163, in __call__
    await super().__call__(scope, receive, send)
  File "C:\Apps\KAD_Mobile\active_directory_mobile\.venv\Lib\site-packages\starlette\applications.py", line 90, in __call__
    await self.middleware_stack(scope, receive, send)
  File "C:\Apps\KAD_Mobile\active_directory_mobile\.venv\Lib\site-packages\starlette\middleware\errors.py", line 186, in __call__
    raise exc
  File "C:\Apps\KAD_Mobile\active_directory_mobile\.venv\Lib\site-packages\starlette\middleware\errors.py", line 164, in __call__
    await self.app(scope, receive, _send)
  File "C:\Apps\KAD_Mobile\active_directory_mobile\.venv\Lib\site-packages\starlette\middleware\cors.py", line 88, in __call__
    await self.app(scope, receive, send)
  File "C:\Apps\KAD_Mobile\active_directory_mobile\.venv\Lib\site-packages\starlette\middleware\exceptions.py", line 63, in __call__
    await wrap_app_handling_exceptions(self.app, conn)(scope, receive, send)
  File "C:\Apps\KAD_Mobile\active_directory_mobile\.venv\Lib\site-packages\starlette\_exception_handler.py", line 53, in wrapped_app
    raise exc
  File "C:\Apps\KAD_Mobile\active_directory_mobile\.venv\Lib\site-packages\starlette\_exception_handler.py", line 42, in wrapped_app
    await app(scope, receive, sender)
  File "C:\Apps\KAD_Mobile\active_directory_mobile\.venv\Lib\site-packages\fastapi\middleware\asyncexitstack.py", line 18, in __call__
    await self.app(scope, receive, send)
  File "C:\Apps\KAD_Mobile\active_directory_mobile\.venv\Lib\site-packages\starlette\routing.py", line 660, in __call__
    await self.middleware_stack(scope, receive, send)
  File "C:\Apps\KAD_Mobile\active_directory_mobile\.venv\Lib\site-packages\fastapi\routing.py", line 2734, in app
    await route.handle(scope, receive, send)
  File "C:\Apps\KAD_Mobile\active_directory_mobile\.venv\Lib\site-packages\fastapi\routing.py", line 1281, in handle
    await super().handle(scope, receive, send)
  File "C:\Apps\KAD_Mobile\active_directory_mobile\.venv\Lib\site-packages\starlette\routing.py", line 276, in handle
    await self.app(scope, receive, send)
  File "C:\Apps\KAD_Mobile\active_directory_mobile\.venv\Lib\site-packages\fastapi\routing.py", line 158, in app
    await wrap_app_handling_exceptions(app, request)(scope, receive, send)
  File "C:\Apps\KAD_Mobile\active_directory_mobile\.venv\Lib\site-packages\starlette\_exception_handler.py", line 53, in wrapped_app
    raise exc
  File "C:\Apps\KAD_Mobile\active_directory_mobile\.venv\Lib\site-packages\starlette\_exception_handler.py", line 42, in wrapped_app
    await app(scope, receive, sender)
  File "C:\Apps\KAD_Mobile\active_directory_mobile\.venv\Lib\site-packages\fastapi\routing.py", line 145, in app
    await response(scope, receive, send)
  File "C:\Apps\KAD_Mobile\active_directory_mobile\.venv\Lib\site-packages\starlette\responses.py", line 352, in __call__
    raise RuntimeError(f"File at path {self.path} does not exist.")
RuntimeError: File at path C:\Apps\KAD_Mobile\active_directory_mobile\kad-pwa\dist\favicon.ico does not exist.
ERROR:    Exception in ASGI application
Traceback (most recent call last):
  File "C:\Apps\KAD_Mobile\active_directory_mobile\.venv\Lib\site-packages\starlette\responses.py", line 349, in __call__
    stat_result = await anyio.to_thread.run_sync(os.stat, self.path)
                  ^^^^^^^^^^^^^^^^^^^^^^^^^^^^^^^^^^^^^^^^^^^^^^^^^^
  File "C:\Apps\KAD_Mobile\active_directory_mobile\.venv\Lib\site-packages\anyio\to_thread.py", line 65, in run_sync
    return await get_async_backend().run_sync_in_worker_thread(
           ^^^^^^^^^^^^^^^^^^^^^^^^^^^^^^^^^^^^^^^^^^^^^^^^^^^^
  File "C:\Apps\KAD_Mobile\active_directory_mobile\.venv\Lib\site-packages\anyio\_backends\_asyncio.py", line 2641, in run_sync_in_worker_thread
    return await future
           ^^^^^^^^^^^^
  File "C:\Apps\KAD_Mobile\active_directory_mobile\.venv\Lib\site-packages\anyio\_backends\_asyncio.py", line 1033, in run
    result = context.run(func, *args)
             ^^^^^^^^^^^^^^^^^^^^^^^^
FileNotFoundError: [WinError 2] The system cannot find the file specified: 'C:\\Apps\\KAD_Mobile\\active_directory_mobile\\kad-pwa\\dist\\favicon.ico'

During handling of the above exception, another exception occurred:

Traceback (most recent call last):
  File "C:\Apps\KAD_Mobile\active_directory_mobile\.venv\Lib\site-packages\uvicorn\protocols\http\httptools_impl.py", line 422, in run_asgi
    result = await app(  # type: ignore[func-returns-value]
             ^^^^^^^^^^^^^^^^^^^^^^^^^^^^^^^^^^^^^^^^^^^^^^
  File "C:\Apps\KAD_Mobile\active_directory_mobile\.venv\Lib\site-packages\uvicorn\middleware\proxy_headers.py", line 63, in __call__
    return await self.app(scope, receive, send)
           ^^^^^^^^^^^^^^^^^^^^^^^^^^^^^^^^^^^^
  File "C:\Apps\KAD_Mobile\active_directory_mobile\.venv\Lib\site-packages\fastapi\applications.py", line 1163, in __call__
    await super().__call__(scope, receive, send)
  File "C:\Apps\KAD_Mobile\active_directory_mobile\.venv\Lib\site-packages\starlette\applications.py", line 90, in __call__
    await self.middleware_stack(scope, receive, send)
  File "C:\Apps\KAD_Mobile\active_directory_mobile\.venv\Lib\site-packages\starlette\middleware\errors.py", line 186, in __call__
    raise exc
  File "C:\Apps\KAD_Mobile\active_directory_mobile\.venv\Lib\site-packages\starlette\middleware\errors.py", line 164, in __call__
    await self.app(scope, receive, _send)
  File "C:\Apps\KAD_Mobile\active_directory_mobile\.venv\Lib\site-packages\starlette\middleware\cors.py", line 88, in __call__
    await self.app(scope, receive, send)
  File "C:\Apps\KAD_Mobile\active_directory_mobile\.venv\Lib\site-packages\starlette\middleware\exceptions.py", line 63, in __call__
    await wrap_app_handling_exceptions(self.app, conn)(scope, receive, send)
  File "C:\Apps\KAD_Mobile\active_directory_mobile\.venv\Lib\site-packages\starlette\_exception_handler.py", line 53, in wrapped_app
    raise exc
  File "C:\Apps\KAD_Mobile\active_directory_mobile\.venv\Lib\site-packages\starlette\_exception_handler.py", line 42, in wrapped_app
    await app(scope, receive, sender)
  File "C:\Apps\KAD_Mobile\active_directory_mobile\.venv\Lib\site-packages\fastapi\middleware\asyncexitstack.py", line 18, in __call__
    await self.app(scope, receive, send)
  File "C:\Apps\KAD_Mobile\active_directory_mobile\.venv\Lib\site-packages\starlette\routing.py", line 660, in __call__
    await self.middleware_stack(scope, receive, send)
  File "C:\Apps\KAD_Mobile\active_directory_mobile\.venv\Lib\site-packages\fastapi\routing.py", line 2734, in app
    await route.handle(scope, receive, send)
  File "C:\Apps\KAD_Mobile\active_directory_mobile\.venv\Lib\site-packages\fastapi\routing.py", line 1281, in handle
    await super().handle(scope, receive, send)
  File "C:\Apps\KAD_Mobile\active_directory_mobile\.venv\Lib\site-packages\starlette\routing.py", line 276, in handle
    await self.app(scope, receive, send)
  File "C:\Apps\KAD_Mobile\active_directory_mobile\.venv\Lib\site-packages\fastapi\routing.py", line 158, in app
    await wrap_app_handling_exceptions(app, request)(scope, receive, send)
  File "C:\Apps\KAD_Mobile\active_directory_mobile\.venv\Lib\site-packages\starlette\_exception_handler.py", line 53, in wrapped_app
    raise exc
  File "C:\Apps\KAD_Mobile\active_directory_mobile\.venv\Lib\site-packages\starlette\_exception_handler.py", line 42, in wrapped_app
    await app(scope, receive, sender)
  File "C:\Apps\KAD_Mobile\active_directory_mobile\.venv\Lib\site-packages\fastapi\routing.py", line 145, in app
    await response(scope, receive, send)
  File "C:\Apps\KAD_Mobile\active_directory_mobile\.venv\Lib\site-packages\starlette\responses.py", line 352, in __call__
    raise RuntimeError(f"File at path {self.path} does not exist.")
RuntimeError: File at path C:\Apps\KAD_Mobile\active_directory_mobile\kad-pwa\dist\favicon.ico does not exist.
ERROR:    Exception in ASGI application
Traceback (most recent call last):
  File "C:\Apps\KAD_Mobile\active_directory_mobile\.venv\Lib\site-packages\starlette\responses.py", line 349, in __call__
    stat_result = await anyio.to_thread.run_sync(os.stat, self.path)
                  ^^^^^^^^^^^^^^^^^^^^^^^^^^^^^^^^^^^^^^^^^^^^^^^^^^
  File "C:\Apps\KAD_Mobile\active_directory_mobile\.venv\Lib\site-packages\anyio\to_thread.py", line 65, in run_sync
    return await get_async_backend().run_sync_in_worker_thread(
           ^^^^^^^^^^^^^^^^^^^^^^^^^^^^^^^^^^^^^^^^^^^^^^^^^^^^
  File "C:\Apps\KAD_Mobile\active_directory_mobile\.venv\Lib\site-packages\anyio\_backends\_asyncio.py", line 2641, in run_sync_in_worker_thread
    return await future
           ^^^^^^^^^^^^
  File "C:\Apps\KAD_Mobile\active_directory_mobile\.venv\Lib\site-packages\anyio\_backends\_asyncio.py", line 1033, in run
    result = context.run(func, *args)
             ^^^^^^^^^^^^^^^^^^^^^^^^
FileNotFoundError: [WinError 2] The system cannot find the file specified: 'C:\\Apps\\KAD_Mobile\\active_directory_mobile\\kad-pwa\\dist\\favicon.ico'

During handling of the above exception, another exception occurred:

Traceback (most recent call last):
  File "C:\Apps\KAD_Mobile\active_directory_mobile\.venv\Lib\site-packages\uvicorn\protocols\http\httptools_impl.py", line 422, in run_asgi
    result = await app(  # type: ignore[func-returns-value]
             ^^^^^^^^^^^^^^^^^^^^^^^^^^^^^^^^^^^^^^^^^^^^^^
  File "C:\Apps\KAD_Mobile\active_directory_mobile\.venv\Lib\site-packages\uvicorn\middleware\proxy_headers.py", line 63, in __call__
    return await self.app(scope, receive, send)
           ^^^^^^^^^^^^^^^^^^^^^^^^^^^^^^^^^^^^
  File "C:\Apps\KAD_Mobile\active_directory_mobile\.venv\Lib\site-packages\fastapi\applications.py", line 1163, in __call__
    await super().__call__(scope, receive, send)
  File "C:\Apps\KAD_Mobile\active_directory_mobile\.venv\Lib\site-packages\starlette\applications.py", line 90, in __call__
    await self.middleware_stack(scope, receive, send)
  File "C:\Apps\KAD_Mobile\active_directory_mobile\.venv\Lib\site-packages\starlette\middleware\errors.py", line 186, in __call__
    raise exc
  File "C:\Apps\KAD_Mobile\active_directory_mobile\.venv\Lib\site-packages\starlette\middleware\errors.py", line 164, in __call__
    await self.app(scope, receive, _send)
  File "C:\Apps\KAD_Mobile\active_directory_mobile\.venv\Lib\site-packages\starlette\middleware\cors.py", line 88, in __call__
    await self.app(scope, receive, send)
  File "C:\Apps\KAD_Mobile\active_directory_mobile\.venv\Lib\site-packages\starlette\middleware\exceptions.py", line 63, in __call__
    await wrap_app_handling_exceptions(self.app, conn)(scope, receive, send)
  File "C:\Apps\KAD_Mobile\active_directory_mobile\.venv\Lib\site-packages\starlette\_exception_handler.py", line 53, in wrapped_app
    raise exc
  File "C:\Apps\KAD_Mobile\active_directory_mobile\.venv\Lib\site-packages\starlette\_exception_handler.py", line 42, in wrapped_app
    await app(scope, receive, sender)
  File "C:\Apps\KAD_Mobile\active_directory_mobile\.venv\Lib\site-packages\fastapi\middleware\asyncexitstack.py", line 18, in __call__
    await self.app(scope, receive, send)
  File "C:\Apps\KAD_Mobile\active_directory_mobile\.venv\Lib\site-packages\starlette\routing.py", line 660, in __call__
    await self.middleware_stack(scope, receive, send)
  File "C:\Apps\KAD_Mobile\active_directory_mobile\.venv\Lib\site-packages\fastapi\routing.py", line 2734, in app
    await route.handle(scope, receive, send)
  File "C:\Apps\KAD_Mobile\active_directory_mobile\.venv\Lib\site-packages\fastapi\routing.py", line 1281, in handle
    await super().handle(scope, receive, send)
  File "C:\Apps\KAD_Mobile\active_directory_mobile\.venv\Lib\site-packages\starlette\routing.py", line 276, in handle
    await self.app(scope, receive, send)
  File "C:\Apps\KAD_Mobile\active_directory_mobile\.venv\Lib\site-packages\fastapi\routing.py", line 158, in app
    await wrap_app_handling_exceptions(app, request)(scope, receive, send)
  File "C:\Apps\KAD_Mobile\active_directory_mobile\.venv\Lib\site-packages\starlette\_exception_handler.py", line 53, in wrapped_app
    raise exc
  File "C:\Apps\KAD_Mobile\active_directory_mobile\.venv\Lib\site-packages\starlette\_exception_handler.py", line 42, in wrapped_app
    await app(scope, receive, sender)
  File "C:\Apps\KAD_Mobile\active_directory_mobile\.venv\Lib\site-packages\fastapi\routing.py", line 145, in app
    await response(scope, receive, send)
  File "C:\Apps\KAD_Mobile\active_directory_mobile\.venv\Lib\site-packages\starlette\responses.py", line 352, in __call__
    raise RuntimeError(f"File at path {self.path} does not exist.")
RuntimeError: File at path C:\Apps\KAD_Mobile\active_directory_mobile\kad-pwa\dist\favicon.ico does not exist.
ERROR:    Exception in ASGI application
Traceback (most recent call last):
  File "C:\Apps\KAD_Mobile\active_directory_mobile\.venv\Lib\site-packages\starlette\responses.py", line 349, in __call__
    stat_result = await anyio.to_thread.run_sync(os.stat, self.path)
                  ^^^^^^^^^^^^^^^^^^^^^^^^^^^^^^^^^^^^^^^^^^^^^^^^^^
  File "C:\Apps\KAD_Mobile\active_directory_mobile\.venv\Lib\site-packages\anyio\to_thread.py", line 65, in run_sync
    return await get_async_backend().run_sync_in_worker_thread(
           ^^^^^^^^^^^^^^^^^^^^^^^^^^^^^^^^^^^^^^^^^^^^^^^^^^^^
  File "C:\Apps\KAD_Mobile\active_directory_mobile\.venv\Lib\site-packages\anyio\_backends\_asyncio.py", line 2641, in run_sync_in_worker_thread
    return await future
           ^^^^^^^^^^^^
  File "C:\Apps\KAD_Mobile\active_directory_mobile\.venv\Lib\site-packages\anyio\_backends\_asyncio.py", line 1033, in run
    result = context.run(func, *args)
             ^^^^^^^^^^^^^^^^^^^^^^^^
FileNotFoundError: [WinError 2] The system cannot find the file specified: 'C:\\Apps\\KAD_Mobile\\active_directory_mobile\\kad-pwa\\dist\\favicon.ico'

During handling of the above exception, another exception occurred:

Traceback (most recent call last):
  File "C:\Apps\KAD_Mobile\active_directory_mobile\.venv\Lib\site-packages\uvicorn\protocols\http\httptools_impl.py", line 422, in run_asgi
    result = await app(  # type: ignore[func-returns-value]
             ^^^^^^^^^^^^^^^^^^^^^^^^^^^^^^^^^^^^^^^^^^^^^^
  File "C:\Apps\KAD_Mobile\active_directory_mobile\.venv\Lib\site-packages\uvicorn\middleware\proxy_headers.py", line 63, in __call__
    return await self.app(scope, receive, send)
           ^^^^^^^^^^^^^^^^^^^^^^^^^^^^^^^^^^^^
  File "C:\Apps\KAD_Mobile\active_directory_mobile\.venv\Lib\site-packages\fastapi\applications.py", line 1163, in __call__
    await super().__call__(scope, receive, send)
  File "C:\Apps\KAD_Mobile\active_directory_mobile\.venv\Lib\site-packages\starlette\applications.py", line 90, in __call__
    await self.middleware_stack(scope, receive, send)
  File "C:\Apps\KAD_Mobile\active_directory_mobile\.venv\Lib\site-packages\starlette\middleware\errors.py", line 186, in __call__
    raise exc
  File "C:\Apps\KAD_Mobile\active_directory_mobile\.venv\Lib\site-packages\starlette\middleware\errors.py", line 164, in __call__
    await self.app(scope, receive, _send)
  File "C:\Apps\KAD_Mobile\active_directory_mobile\.venv\Lib\site-packages\starlette\middleware\cors.py", line 88, in __call__
    await self.app(scope, receive, send)
  File "C:\Apps\KAD_Mobile\active_directory_mobile\.venv\Lib\site-packages\starlette\middleware\exceptions.py", line 63, in __call__
    await wrap_app_handling_exceptions(self.app, conn)(scope, receive, send)
  File "C:\Apps\KAD_Mobile\active_directory_mobile\.venv\Lib\site-packages\starlette\_exception_handler.py", line 53, in wrapped_app
    raise exc
  File "C:\Apps\KAD_Mobile\active_directory_mobile\.venv\Lib\site-packages\starlette\_exception_handler.py", line 42, in wrapped_app
    await app(scope, receive, sender)
  File "C:\Apps\KAD_Mobile\active_directory_mobile\.venv\Lib\site-packages\fastapi\middleware\asyncexitstack.py", line 18, in __call__
    await self.app(scope, receive, send)
  File "C:\Apps\KAD_Mobile\active_directory_mobile\.venv\Lib\site-packages\starlette\routing.py", line 660, in __call__
    await self.middleware_stack(scope, receive, send)
  File "C:\Apps\KAD_Mobile\active_directory_mobile\.venv\Lib\site-packages\fastapi\routing.py", line 2734, in app
    await route.handle(scope, receive, send)
  File "C:\Apps\KAD_Mobile\active_directory_mobile\.venv\Lib\site-packages\fastapi\routing.py", line 1281, in handle
    await super().handle(scope, receive, send)
  File "C:\Apps\KAD_Mobile\active_directory_mobile\.venv\Lib\site-packages\starlette\routing.py", line 276, in handle
    await self.app(scope, receive, send)
  File "C:\Apps\KAD_Mobile\active_directory_mobile\.venv\Lib\site-packages\fastapi\routing.py", line 158, in app
    await wrap_app_handling_exceptions(app, request)(scope, receive, send)
  File "C:\Apps\KAD_Mobile\active_directory_mobile\.venv\Lib\site-packages\starlette\_exception_handler.py", line 53, in wrapped_app
    raise exc
  File "C:\Apps\KAD_Mobile\active_directory_mobile\.venv\Lib\site-packages\starlette\_exception_handler.py", line 42, in wrapped_app
    await app(scope, receive, sender)
  File "C:\Apps\KAD_Mobile\active_directory_mobile\.venv\Lib\site-packages\fastapi\routing.py", line 145, in app
    await response(scope, receive, send)
  File "C:\Apps\KAD_Mobile\active_directory_mobile\.venv\Lib\site-packages\starlette\responses.py", line 352, in __call__
    raise RuntimeError(f"File at path {self.path} does not exist.")
RuntimeError: File at path C:\Apps\KAD_Mobile\active_directory_mobile\kad-pwa\dist\favicon.ico does not exist.
ERROR:    Exception in ASGI application
Traceback (most recent call last):
  File "C:\Apps\KAD_Mobile\active_directory_mobile\.venv\Lib\site-packages\starlette\responses.py", line 349, in __call__
    stat_result = await anyio.to_thread.run_sync(os.stat, self.path)
                  ^^^^^^^^^^^^^^^^^^^^^^^^^^^^^^^^^^^^^^^^^^^^^^^^^^
  File "C:\Apps\KAD_Mobile\active_directory_mobile\.venv\Lib\site-packages\anyio\to_thread.py", line 65, in run_sync
    return await get_async_backend().run_sync_in_worker_thread(
           ^^^^^^^^^^^^^^^^^^^^^^^^^^^^^^^^^^^^^^^^^^^^^^^^^^^^
  File "C:\Apps\KAD_Mobile\active_directory_mobile\.venv\Lib\site-packages\anyio\_backends\_asyncio.py", line 2641, in run_sync_in_worker_thread
    return await future
           ^^^^^^^^^^^^
  File "C:\Apps\KAD_Mobile\active_directory_mobile\.venv\Lib\site-packages\anyio\_backends\_asyncio.py", line 1033, in run
    result = context.run(func, *args)
             ^^^^^^^^^^^^^^^^^^^^^^^^
FileNotFoundError: [WinError 2] The system cannot find the file specified: 'C:\\Apps\\KAD_Mobile\\active_directory_mobile\\kad-pwa\\dist\\favicon.ico'

During handling of the above exception, another exception occurred:

Traceback (most recent call last):
  File "C:\Apps\KAD_Mobile\active_directory_mobile\.venv\Lib\site-packages\uvicorn\protocols\http\httptools_impl.py", line 422, in run_asgi
    result = await app(  # type: ignore[func-returns-value]
             ^^^^^^^^^^^^^^^^^^^^^^^^^^^^^^^^^^^^^^^^^^^^^^
  File "C:\Apps\KAD_Mobile\active_directory_mobile\.venv\Lib\site-packages\uvicorn\middleware\proxy_headers.py", line 63, in __call__
    return await self.app(scope, receive, send)
           ^^^^^^^^^^^^^^^^^^^^^^^^^^^^^^^^^^^^
  File "C:\Apps\KAD_Mobile\active_directory_mobile\.venv\Lib\site-packages\fastapi\applications.py", line 1163, in __call__
    await super().__call__(scope, receive, send)
  File "C:\Apps\KAD_Mobile\active_directory_mobile\.venv\Lib\site-packages\starlette\applications.py", line 90, in __call__
    await self.middleware_stack(scope, receive, send)
  File "C:\Apps\KAD_Mobile\active_directory_mobile\.venv\Lib\site-packages\starlette\middleware\errors.py", line 186, in __call__
    raise exc
  File "C:\Apps\KAD_Mobile\active_directory_mobile\.venv\Lib\site-packages\starlette\middleware\errors.py", line 164, in __call__
    await self.app(scope, receive, _send)
  File "C:\Apps\KAD_Mobile\active_directory_mobile\.venv\Lib\site-packages\starlette\middleware\cors.py", line 88, in __call__
    await self.app(scope, receive, send)
  File "C:\Apps\KAD_Mobile\active_directory_mobile\.venv\Lib\site-packages\starlette\middleware\exceptions.py", line 63, in __call__
    await wrap_app_handling_exceptions(self.app, conn)(scope, receive, send)
  File "C:\Apps\KAD_Mobile\active_directory_mobile\.venv\Lib\site-packages\starlette\_exception_handler.py", line 53, in wrapped_app
    raise exc
  File "C:\Apps\KAD_Mobile\active_directory_mobile\.venv\Lib\site-packages\starlette\_exception_handler.py", line 42, in wrapped_app
    await app(scope, receive, sender)
  File "C:\Apps\KAD_Mobile\active_directory_mobile\.venv\Lib\site-packages\fastapi\middleware\asyncexitstack.py", line 18, in __call__
    await self.app(scope, receive, send)
  File "C:\Apps\KAD_Mobile\active_directory_mobile\.venv\Lib\site-packages\starlette\routing.py", line 660, in __call__
    await self.middleware_stack(scope, receive, send)
  File "C:\Apps\KAD_Mobile\active_directory_mobile\.venv\Lib\site-packages\fastapi\routing.py", line 2734, in app
    await route.handle(scope, receive, send)
  File "C:\Apps\KAD_Mobile\active_directory_mobile\.venv\Lib\site-packages\fastapi\routing.py", line 1281, in handle
    await super().handle(scope, receive, send)
  File "C:\Apps\KAD_Mobile\active_directory_mobile\.venv\Lib\site-packages\starlette\routing.py", line 276, in handle
    await self.app(scope, receive, send)
  File "C:\Apps\KAD_Mobile\active_directory_mobile\.venv\Lib\site-packages\fastapi\routing.py", line 158, in app
    await wrap_app_handling_exceptions(app, request)(scope, receive, send)
  File "C:\Apps\KAD_Mobile\active_directory_mobile\.venv\Lib\site-packages\starlette\_exception_handler.py", line 53, in wrapped_app
    raise exc
  File "C:\Apps\KAD_Mobile\active_directory_mobile\.venv\Lib\site-packages\starlette\_exception_handler.py", line 42, in wrapped_app
    await app(scope, receive, sender)
  File "C:\Apps\KAD_Mobile\active_directory_mobile\.venv\Lib\site-packages\fastapi\routing.py", line 145, in app
    await response(scope, receive, send)
  File "C:\Apps\KAD_Mobile\active_directory_mobile\.venv\Lib\site-packages\starlette\responses.py", line 352, in __call__
    raise RuntimeError(f"File at path {self.path} does not exist.")
RuntimeError: File at path C:\Apps\KAD_Mobile\active_directory_mobile\kad-pwa\dist\favicon.ico does not exist.
ERROR:    Exception in ASGI application
Traceback (most recent call last):
  File "C:\Apps\KAD_Mobile\active_directory_mobile\.venv\Lib\site-packages\starlette\responses.py", line 349, in __call__
    stat_result = await anyio.to_thread.run_sync(os.stat, self.path)
                  ^^^^^^^^^^^^^^^^^^^^^^^^^^^^^^^^^^^^^^^^^^^^^^^^^^
  File "C:\Apps\KAD_Mobile\active_directory_mobile\.venv\Lib\site-packages\anyio\to_thread.py", line 65, in run_sync
    return await get_async_backend().run_sync_in_worker_thread(
           ^^^^^^^^^^^^^^^^^^^^^^^^^^^^^^^^^^^^^^^^^^^^^^^^^^^^
  File "C:\Apps\KAD_Mobile\active_directory_mobile\.venv\Lib\site-packages\anyio\_backends\_asyncio.py", line 2641, in run_sync_in_worker_thread
    return await future
           ^^^^^^^^^^^^
  File "C:\Apps\KAD_Mobile\active_directory_mobile\.venv\Lib\site-packages\anyio\_backends\_asyncio.py", line 1033, in run
    result = context.run(func, *args)
             ^^^^^^^^^^^^^^^^^^^^^^^^
FileNotFoundError: [WinError 2] The system cannot find the file specified: 'C:\\Apps\\KAD_Mobile\\active_directory_mobile\\kad-pwa\\dist\\favicon.ico'

During handling of the above exception, another exception occurred:

Traceback (most recent call last):
  File "C:\Apps\KAD_Mobile\active_directory_mobile\.venv\Lib\site-packages\uvicorn\protocols\http\httptools_impl.py", line 422, in run_asgi
    result = await app(  # type: ignore[func-returns-value]
             ^^^^^^^^^^^^^^^^^^^^^^^^^^^^^^^^^^^^^^^^^^^^^^
  File "C:\Apps\KAD_Mobile\active_directory_mobile\.venv\Lib\site-packages\uvicorn\middleware\proxy_headers.py", line 63, in __call__
    return await self.app(scope, receive, send)
           ^^^^^^^^^^^^^^^^^^^^^^^^^^^^^^^^^^^^
  File "C:\Apps\KAD_Mobile\active_directory_mobile\.venv\Lib\site-packages\fastapi\applications.py", line 1163, in __call__
    await super().__call__(scope, receive, send)
  File "C:\Apps\KAD_Mobile\active_directory_mobile\.venv\Lib\site-packages\starlette\applications.py", line 90, in __call__
    await self.middleware_stack(scope, receive, send)
  File "C:\Apps\KAD_Mobile\active_directory_mobile\.venv\Lib\site-packages\starlette\middleware\errors.py", line 186, in __call__
    raise exc
  File "C:\Apps\KAD_Mobile\active_directory_mobile\.venv\Lib\site-packages\starlette\middleware\errors.py", line 164, in __call__
    await self.app(scope, receive, _send)
  File "C:\Apps\KAD_Mobile\active_directory_mobile\.venv\Lib\site-packages\starlette\middleware\cors.py", line 88, in __call__
    await self.app(scope, receive, send)
  File "C:\Apps\KAD_Mobile\active_directory_mobile\.venv\Lib\site-packages\starlette\middleware\exceptions.py", line 63, in __call__
    await wrap_app_handling_exceptions(self.app, conn)(scope, receive, send)
  File "C:\Apps\KAD_Mobile\active_directory_mobile\.venv\Lib\site-packages\starlette\_exception_handler.py", line 53, in wrapped_app
    raise exc
  File "C:\Apps\KAD_Mobile\active_directory_mobile\.venv\Lib\site-packages\starlette\_exception_handler.py", line 42, in wrapped_app
    await app(scope, receive, sender)
  File "C:\Apps\KAD_Mobile\active_directory_mobile\.venv\Lib\site-packages\fastapi\middleware\asyncexitstack.py", line 18, in __call__
    await self.app(scope, receive, send)
  File "C:\Apps\KAD_Mobile\active_directory_mobile\.venv\Lib\site-packages\starlette\routing.py", line 660, in __call__
    await self.middleware_stack(scope, receive, send)
  File "C:\Apps\KAD_Mobile\active_directory_mobile\.venv\Lib\site-packages\fastapi\routing.py", line 2734, in app
    await route.handle(scope, receive, send)
  File "C:\Apps\KAD_Mobile\active_directory_mobile\.venv\Lib\site-packages\fastapi\routing.py", line 1281, in handle
    await super().handle(scope, receive, send)
  File "C:\Apps\KAD_Mobile\active_directory_mobile\.venv\Lib\site-packages\starlette\routing.py", line 276, in handle
    await self.app(scope, receive, send)
  File "C:\Apps\KAD_Mobile\active_directory_mobile\.venv\Lib\site-packages\fastapi\routing.py", line 158, in app
    await wrap_app_handling_exceptions(app, request)(scope, receive, send)
  File "C:\Apps\KAD_Mobile\active_directory_mobile\.venv\Lib\site-packages\starlette\_exception_handler.py", line 53, in wrapped_app
    raise exc
  File "C:\Apps\KAD_Mobile\active_directory_mobile\.venv\Lib\site-packages\starlette\_exception_handler.py", line 42, in wrapped_app
    await app(scope, receive, sender)
  File "C:\Apps\KAD_Mobile\active_directory_mobile\.venv\Lib\site-packages\fastapi\routing.py", line 145, in app
    await response(scope, receive, send)
  File "C:\Apps\KAD_Mobile\active_directory_mobile\.venv\Lib\site-packages\starlette\responses.py", line 352, in __call__
    raise RuntimeError(f"File at path {self.path} does not exist.")
RuntimeError: File at path C:\Apps\KAD_Mobile\active_directory_mobile\kad-pwa\dist\favicon.ico does not exist.
ERROR:    Exception in ASGI application
Traceback (most recent call last):
  File "C:\Apps\KAD_Mobile\active_directory_mobile\.venv\Lib\site-packages\starlette\responses.py", line 349, in __call__
    stat_result = await anyio.to_thread.run_sync(os.stat, self.path)
                  ^^^^^^^^^^^^^^^^^^^^^^^^^^^^^^^^^^^^^^^^^^^^^^^^^^
  File "C:\Apps\KAD_Mobile\active_directory_mobile\.venv\Lib\site-packages\anyio\to_thread.py", line 65, in run_sync
    return await get_async_backend().run_sync_in_worker_thread(
           ^^^^^^^^^^^^^^^^^^^^^^^^^^^^^^^^^^^^^^^^^^^^^^^^^^^^
  File "C:\Apps\KAD_Mobile\active_directory_mobile\.venv\Lib\site-packages\anyio\_backends\_asyncio.py", line 2641, in run_sync_in_worker_thread
    return await future
           ^^^^^^^^^^^^
  File "C:\Apps\KAD_Mobile\active_directory_mobile\.venv\Lib\site-packages\anyio\_backends\_asyncio.py", line 1033, in run
    result = context.run(func, *args)
             ^^^^^^^^^^^^^^^^^^^^^^^^
FileNotFoundError: [WinError 2] The system cannot find the file specified: 'C:\\Apps\\KAD_Mobile\\active_directory_mobile\\kad-pwa\\dist\\favicon.ico'

During handling of the above exception, another exception occurred:

Traceback (most recent call last):
  File "C:\Apps\KAD_Mobile\active_directory_mobile\.venv\Lib\site-packages\uvicorn\protocols\http\httptools_impl.py", line 422, in run_asgi
    result = await app(  # type: ignore[func-returns-value]
             ^^^^^^^^^^^^^^^^^^^^^^^^^^^^^^^^^^^^^^^^^^^^^^
  File "C:\Apps\KAD_Mobile\active_directory_mobile\.venv\Lib\site-packages\uvicorn\middleware\proxy_headers.py", line 63, in __call__
    return await self.app(scope, receive, send)
           ^^^^^^^^^^^^^^^^^^^^^^^^^^^^^^^^^^^^
  File "C:\Apps\KAD_Mobile\active_directory_mobile\.venv\Lib\site-packages\fastapi\applications.py", line 1163, in __call__
    await super().__call__(scope, receive, send)
  File "C:\Apps\KAD_Mobile\active_directory_mobile\.venv\Lib\site-packages\starlette\applications.py", line 90, in __call__
    await self.middleware_stack(scope, receive, send)
  File "C:\Apps\KAD_Mobile\active_directory_mobile\.venv\Lib\site-packages\starlette\middleware\errors.py", line 186, in __call__
    raise exc
  File "C:\Apps\KAD_Mobile\active_directory_mobile\.venv\Lib\site-packages\starlette\middleware\errors.py", line 164, in __call__
    await self.app(scope, receive, _send)
  File "C:\Apps\KAD_Mobile\active_directory_mobile\.venv\Lib\site-packages\starlette\middleware\cors.py", line 88, in __call__
    await self.app(scope, receive, send)
  File "C:\Apps\KAD_Mobile\active_directory_mobile\.venv\Lib\site-packages\starlette\middleware\exceptions.py", line 63, in __call__
    await wrap_app_handling_exceptions(self.app, conn)(scope, receive, send)
  File "C:\Apps\KAD_Mobile\active_directory_mobile\.venv\Lib\site-packages\starlette\_exception_handler.py", line 53, in wrapped_app
    raise exc
  File "C:\Apps\KAD_Mobile\active_directory_mobile\.venv\Lib\site-packages\starlette\_exception_handler.py", line 42, in wrapped_app
    await app(scope, receive, sender)
  File "C:\Apps\KAD_Mobile\active_directory_mobile\.venv\Lib\site-packages\fastapi\middleware\asyncexitstack.py", line 18, in __call__
    await self.app(scope, receive, send)
  File "C:\Apps\KAD_Mobile\active_directory_mobile\.venv\Lib\site-packages\starlette\routing.py", line 660, in __call__
    await self.middleware_stack(scope, receive, send)
  File "C:\Apps\KAD_Mobile\active_directory_mobile\.venv\Lib\site-packages\fastapi\routing.py", line 2734, in app
    await route.handle(scope, receive, send)
  File "C:\Apps\KAD_Mobile\active_directory_mobile\.venv\Lib\site-packages\fastapi\routing.py", line 1281, in handle
    await super().handle(scope, receive, send)
  File "C:\Apps\KAD_Mobile\active_directory_mobile\.venv\Lib\site-packages\starlette\routing.py", line 276, in handle
    await self.app(scope, receive, send)
  File "C:\Apps\KAD_Mobile\active_directory_mobile\.venv\Lib\site-packages\fastapi\routing.py", line 158, in app
    await wrap_app_handling_exceptions(app, request)(scope, receive, send)
  File "C:\Apps\KAD_Mobile\active_directory_mobile\.venv\Lib\site-packages\starlette\_exception_handler.py", line 53, in wrapped_app
    raise exc
  File "C:\Apps\KAD_Mobile\active_directory_mobile\.venv\Lib\site-packages\starlette\_exception_handler.py", line 42, in wrapped_app
    await app(scope, receive, sender)
  File "C:\Apps\KAD_Mobile\active_directory_mobile\.venv\Lib\site-packages\fastapi\routing.py", line 145, in app
    await response(scope, receive, send)
  File "C:\Apps\KAD_Mobile\active_directory_mobile\.venv\Lib\site-packages\starlette\responses.py", line 352, in __call__
    raise RuntimeError(f"File at path {self.path} does not exist.")
RuntimeError: File at path C:\Apps\KAD_Mobile\active_directory_mobile\kad-pwa\dist\favicon.ico does not exist.
ERROR:    Exception in ASGI application
Traceback (most recent call last):
  File "C:\Apps\KAD_Mobile\active_directory_mobile\.venv\Lib\site-packages\starlette\responses.py", line 349, in __call__
    stat_result = await anyio.to_thread.run_sync(os.stat, self.path)
                  ^^^^^^^^^^^^^^^^^^^^^^^^^^^^^^^^^^^^^^^^^^^^^^^^^^
  File "C:\Apps\KAD_Mobile\active_directory_mobile\.venv\Lib\site-packages\anyio\to_thread.py", line 65, in run_sync
    return await get_async_backend().run_sync_in_worker_thread(
           ^^^^^^^^^^^^^^^^^^^^^^^^^^^^^^^^^^^^^^^^^^^^^^^^^^^^
  File "C:\Apps\KAD_Mobile\active_directory_mobile\.venv\Lib\site-packages\anyio\_backends\_asyncio.py", line 2641, in run_sync_in_worker_thread
    return await future
           ^^^^^^^^^^^^
  File "C:\Apps\KAD_Mobile\active_directory_mobile\.venv\Lib\site-packages\anyio\_backends\_asyncio.py", line 1033, in run
    result = context.run(func, *args)
             ^^^^^^^^^^^^^^^^^^^^^^^^
FileNotFoundError: [WinError 2] The system cannot find the file specified: 'C:\\Apps\\KAD_Mobile\\active_directory_mobile\\kad-pwa\\dist\\favicon.ico'

During handling of the above exception, another exception occurred:

Traceback (most recent call last):
  File "C:\Apps\KAD_Mobile\active_directory_mobile\.venv\Lib\site-packages\uvicorn\protocols\http\httptools_impl.py", line 422, in run_asgi
    result = await app(  # type: ignore[func-returns-value]
             ^^^^^^^^^^^^^^^^^^^^^^^^^^^^^^^^^^^^^^^^^^^^^^
  File "C:\Apps\KAD_Mobile\active_directory_mobile\.venv\Lib\site-packages\uvicorn\middleware\proxy_headers.py", line 63, in __call__
    return await self.app(scope, receive, send)
           ^^^^^^^^^^^^^^^^^^^^^^^^^^^^^^^^^^^^
  File "C:\Apps\KAD_Mobile\active_directory_mobile\.venv\Lib\site-packages\fastapi\applications.py", line 1163, in __call__
    await super().__call__(scope, receive, send)
  File "C:\Apps\KAD_Mobile\active_directory_mobile\.venv\Lib\site-packages\starlette\applications.py", line 90, in __call__
    await self.middleware_stack(scope, receive, send)
  File "C:\Apps\KAD_Mobile\active_directory_mobile\.venv\Lib\site-packages\starlette\middleware\errors.py", line 186, in __call__
    raise exc
  File "C:\Apps\KAD_Mobile\active_directory_mobile\.venv\Lib\site-packages\starlette\middleware\errors.py", line 164, in __call__
    await self.app(scope, receive, _send)
  File "C:\Apps\KAD_Mobile\active_directory_mobile\.venv\Lib\site-packages\starlette\middleware\cors.py", line 88, in __call__
    await self.app(scope, receive, send)
  File "C:\Apps\KAD_Mobile\active_directory_mobile\.venv\Lib\site-packages\starlette\middleware\exceptions.py", line 63, in __call__
    await wrap_app_handling_exceptions(self.app, conn)(scope, receive, send)
  File "C:\Apps\KAD_Mobile\active_directory_mobile\.venv\Lib\site-packages\starlette\_exception_handler.py", line 53, in wrapped_app
    raise exc
  File "C:\Apps\KAD_Mobile\active_directory_mobile\.venv\Lib\site-packages\starlette\_exception_handler.py", line 42, in wrapped_app
    await app(scope, receive, sender)
  File "C:\Apps\KAD_Mobile\active_directory_mobile\.venv\Lib\site-packages\fastapi\middleware\asyncexitstack.py", line 18, in __call__
    await self.app(scope, receive, send)
  File "C:\Apps\KAD_Mobile\active_directory_mobile\.venv\Lib\site-packages\starlette\routing.py", line 660, in __call__
    await self.middleware_stack(scope, receive, send)
  File "C:\Apps\KAD_Mobile\active_directory_mobile\.venv\Lib\site-packages\fastapi\routing.py", line 2734, in app
    await route.handle(scope, receive, send)
  File "C:\Apps\KAD_Mobile\active_directory_mobile\.venv\Lib\site-packages\fastapi\routing.py", line 1281, in handle
    await super().handle(scope, receive, send)
  File "C:\Apps\KAD_Mobile\active_directory_mobile\.venv\Lib\site-packages\starlette\routing.py", line 276, in handle
    await self.app(scope, receive, send)
  File "C:\Apps\KAD_Mobile\active_directory_mobile\.venv\Lib\site-packages\fastapi\routing.py", line 158, in app
    await wrap_app_handling_exceptions(app, request)(scope, receive, send)
  File "C:\Apps\KAD_Mobile\active_directory_mobile\.venv\Lib\site-packages\starlette\_exception_handler.py", line 53, in wrapped_app
    raise exc
  File "C:\Apps\KAD_Mobile\active_directory_mobile\.venv\Lib\site-packages\starlette\_exception_handler.py", line 42, in wrapped_app
    await app(scope, receive, sender)
  File "C:\Apps\KAD_Mobile\active_directory_mobile\.venv\Lib\site-packages\fastapi\routing.py", line 145, in app
    await response(scope, receive, send)
  File "C:\Apps\KAD_Mobile\active_directory_mobile\.venv\Lib\site-packages\starlette\responses.py", line 352, in __call__
    raise RuntimeError(f"File at path {self.path} does not exist.")
RuntimeError: File at path C:\Apps\KAD_Mobile\active_directory_mobile\kad-pwa\dist\favicon.ico does not exist.
ERROR:    Exception in ASGI application
Traceback (most recent call last):
  File "C:\Apps\KAD_Mobile\active_directory_mobile\.venv\Lib\site-packages\starlette\responses.py", line 349, in __call__
    stat_result = await anyio.to_thread.run_sync(os.stat, self.path)
                  ^^^^^^^^^^^^^^^^^^^^^^^^^^^^^^^^^^^^^^^^^^^^^^^^^^
  File "C:\Apps\KAD_Mobile\active_directory_mobile\.venv\Lib\site-packages\anyio\to_thread.py", line 65, in run_sync
    return await get_async_backend().run_sync_in_worker_thread(
           ^^^^^^^^^^^^^^^^^^^^^^^^^^^^^^^^^^^^^^^^^^^^^^^^^^^^
  File "C:\Apps\KAD_Mobile\active_directory_mobile\.venv\Lib\site-packages\anyio\_backends\_asyncio.py", line 2641, in run_sync_in_worker_thread
    return await future
           ^^^^^^^^^^^^
  File "C:\Apps\KAD_Mobile\active_directory_mobile\.venv\Lib\site-packages\anyio\_backends\_asyncio.py", line 1033, in run
    result = context.run(func, *args)
             ^^^^^^^^^^^^^^^^^^^^^^^^
FileNotFoundError: [WinError 2] The system cannot find the file specified: 'C:\\Apps\\KAD_Mobile\\active_directory_mobile\\kad-pwa\\dist\\favicon.ico'

During handling of the above exception, another exception occurred:

Traceback (most recent call last):
  File "C:\Apps\KAD_Mobile\active_directory_mobile\.venv\Lib\site-packages\uvicorn\protocols\http\httptools_impl.py", line 422, in run_asgi
    result = await app(  # type: ignore[func-returns-value]
             ^^^^^^^^^^^^^^^^^^^^^^^^^^^^^^^^^^^^^^^^^^^^^^
  File "C:\Apps\KAD_Mobile\active_directory_mobile\.venv\Lib\site-packages\uvicorn\middleware\proxy_headers.py", line 63, in __call__
    return await self.app(scope, receive, send)
           ^^^^^^^^^^^^^^^^^^^^^^^^^^^^^^^^^^^^
  File "C:\Apps\KAD_Mobile\active_directory_mobile\.venv\Lib\site-packages\fastapi\applications.py", line 1163, in __call__
    await super().__call__(scope, receive, send)
  File "C:\Apps\KAD_Mobile\active_directory_mobile\.venv\Lib\site-packages\starlette\applications.py", line 90, in __call__
    await self.middleware_stack(scope, receive, send)
  File "C:\Apps\KAD_Mobile\active_directory_mobile\.venv\Lib\site-packages\starlette\middleware\errors.py", line 186, in __call__
    raise exc
  File "C:\Apps\KAD_Mobile\active_directory_mobile\.venv\Lib\site-packages\starlette\middleware\errors.py", line 164, in __call__
    await self.app(scope, receive, _send)
  File "C:\Apps\KAD_Mobile\active_directory_mobile\.venv\Lib\site-packages\starlette\middleware\cors.py", line 88, in __call__
    await self.app(scope, receive, send)
  File "C:\Apps\KAD_Mobile\active_directory_mobile\.venv\Lib\site-packages\starlette\middleware\exceptions.py", line 63, in __call__
    await wrap_app_handling_exceptions(self.app, conn)(scope, receive, send)
  File "C:\Apps\KAD_Mobile\active_directory_mobile\.venv\Lib\site-packages\starlette\_exception_handler.py", line 53, in wrapped_app
    raise exc
  File "C:\Apps\KAD_Mobile\active_directory_mobile\.venv\Lib\site-packages\starlette\_exception_handler.py", line 42, in wrapped_app
    await app(scope, receive, sender)
  File "C:\Apps\KAD_Mobile\active_directory_mobile\.venv\Lib\site-packages\fastapi\middleware\asyncexitstack.py", line 18, in __call__
    await self.app(scope, receive, send)
  File "C:\Apps\KAD_Mobile\active_directory_mobile\.venv\Lib\site-packages\starlette\routing.py", line 660, in __call__
    await self.middleware_stack(scope, receive, send)
  File "C:\Apps\KAD_Mobile\active_directory_mobile\.venv\Lib\site-packages\fastapi\routing.py", line 2734, in app
    await route.handle(scope, receive, send)
  File "C:\Apps\KAD_Mobile\active_directory_mobile\.venv\Lib\site-packages\fastapi\routing.py", line 1281, in handle
    await super().handle(scope, receive, send)
  File "C:\Apps\KAD_Mobile\active_directory_mobile\.venv\Lib\site-packages\starlette\routing.py", line 276, in handle
    await self.app(scope, receive, send)
  File "C:\Apps\KAD_Mobile\active_directory_mobile\.venv\Lib\site-packages\fastapi\routing.py", line 158, in app
    await wrap_app_handling_exceptions(app, request)(scope, receive, send)
  File "C:\Apps\KAD_Mobile\active_directory_mobile\.venv\Lib\site-packages\starlette\_exception_handler.py", line 53, in wrapped_app
    raise exc
  File "C:\Apps\KAD_Mobile\active_directory_mobile\.venv\Lib\site-packages\starlette\_exception_handler.py", line 42, in wrapped_app
    await app(scope, receive, sender)
  File "C:\Apps\KAD_Mobile\active_directory_mobile\.venv\Lib\site-packages\fastapi\routing.py", line 145, in app
    await response(scope, receive, send)
  File "C:\Apps\KAD_Mobile\active_directory_mobile\.venv\Lib\site-packages\starlette\responses.py", line 352, in __call__
    raise RuntimeError(f"File at path {self.path} does not exist.")
RuntimeError: File at path C:\Apps\KAD_Mobile\active_directory_mobile\kad-pwa\dist\favicon.ico does not exist.
ERROR:    Exception in ASGI application
Traceback (most recent call last):
  File "C:\Apps\KAD_Mobile\active_directory_mobile\.venv\Lib\site-packages\starlette\responses.py", line 349, in __call__
    stat_result = await anyio.to_thread.run_sync(os.stat, self.path)
                  ^^^^^^^^^^^^^^^^^^^^^^^^^^^^^^^^^^^^^^^^^^^^^^^^^^
  File "C:\Apps\KAD_Mobile\active_directory_mobile\.venv\Lib\site-packages\anyio\to_thread.py", line 65, in run_sync
    return await get_async_backend().run_sync_in_worker_thread(
           ^^^^^^^^^^^^^^^^^^^^^^^^^^^^^^^^^^^^^^^^^^^^^^^^^^^^
  File "C:\Apps\KAD_Mobile\active_directory_mobile\.venv\Lib\site-packages\anyio\_backends\_asyncio.py", line 2641, in run_sync_in_worker_thread
    return await future
           ^^^^^^^^^^^^
  File "C:\Apps\KAD_Mobile\active_directory_mobile\.venv\Lib\site-packages\anyio\_backends\_asyncio.py", line 1033, in run
    result = context.run(func, *args)
             ^^^^^^^^^^^^^^^^^^^^^^^^
FileNotFoundError: [WinError 2] The system cannot find the file specified: 'C:\\Apps\\KAD_Mobile\\active_directory_mobile\\kad-pwa\\dist\\favicon.ico'

During handling of the above exception, another exception occurred:

Traceback (most recent call last):
  File "C:\Apps\KAD_Mobile\active_directory_mobile\.venv\Lib\site-packages\uvicorn\protocols\http\httptools_impl.py", line 422, in run_asgi
    result = await app(  # type: ignore[func-returns-value]
             ^^^^^^^^^^^^^^^^^^^^^^^^^^^^^^^^^^^^^^^^^^^^^^
  File "C:\Apps\KAD_Mobile\active_directory_mobile\.venv\Lib\site-packages\uvicorn\middleware\proxy_headers.py", line 63, in __call__
    return await self.app(scope, receive, send)
           ^^^^^^^^^^^^^^^^^^^^^^^^^^^^^^^^^^^^
  File "C:\Apps\KAD_Mobile\active_directory_mobile\.venv\Lib\site-packages\fastapi\applications.py", line 1163, in __call__
    await super().__call__(scope, receive, send)
  File "C:\Apps\KAD_Mobile\active_directory_mobile\.venv\Lib\site-packages\starlette\applications.py", line 90, in __call__
    await self.middleware_stack(scope, receive, send)
  File "C:\Apps\KAD_Mobile\active_directory_mobile\.venv\Lib\site-packages\starlette\middleware\errors.py", line 186, in __call__
    raise exc
  File "C:\Apps\KAD_Mobile\active_directory_mobile\.venv\Lib\site-packages\starlette\middleware\errors.py", line 164, in __call__
    await self.app(scope, receive, _send)
  File "C:\Apps\KAD_Mobile\active_directory_mobile\.venv\Lib\site-packages\starlette\middleware\cors.py", line 88, in __call__
    await self.app(scope, receive, send)
  File "C:\Apps\KAD_Mobile\active_directory_mobile\.venv\Lib\site-packages\starlette\middleware\exceptions.py", line 63, in __call__
    await wrap_app_handling_exceptions(self.app, conn)(scope, receive, send)
  File "C:\Apps\KAD_Mobile\active_directory_mobile\.venv\Lib\site-packages\starlette\_exception_handler.py", line 53, in wrapped_app
    raise exc
  File "C:\Apps\KAD_Mobile\active_directory_mobile\.venv\Lib\site-packages\starlette\_exception_handler.py", line 42, in wrapped_app
    await app(scope, receive, sender)
  File "C:\Apps\KAD_Mobile\active_directory_mobile\.venv\Lib\site-packages\fastapi\middleware\asyncexitstack.py", line 18, in __call__
    await self.app(scope, receive, send)
  File "C:\Apps\KAD_Mobile\active_directory_mobile\.venv\Lib\site-packages\starlette\routing.py", line 660, in __call__
    await self.middleware_stack(scope, receive, send)
  File "C:\Apps\KAD_Mobile\active_directory_mobile\.venv\Lib\site-packages\fastapi\routing.py", line 2734, in app
    await route.handle(scope, receive, send)
  File "C:\Apps\KAD_Mobile\active_directory_mobile\.venv\Lib\site-packages\fastapi\routing.py", line 1281, in handle
    await super().handle(scope, receive, send)
  File "C:\Apps\KAD_Mobile\active_directory_mobile\.venv\Lib\site-packages\starlette\routing.py", line 276, in handle
    await self.app(scope, receive, send)
  File "C:\Apps\KAD_Mobile\active_directory_mobile\.venv\Lib\site-packages\fastapi\routing.py", line 158, in app
    await wrap_app_handling_exceptions(app, request)(scope, receive, send)
  File "C:\Apps\KAD_Mobile\active_directory_mobile\.venv\Lib\site-packages\starlette\_exception_handler.py", line 53, in wrapped_app
    raise exc
  File "C:\Apps\KAD_Mobile\active_directory_mobile\.venv\Lib\site-packages\starlette\_exception_handler.py", line 42, in wrapped_app
    await app(scope, receive, sender)
  File "C:\Apps\KAD_Mobile\active_directory_mobile\.venv\Lib\site-packages\fastapi\routing.py", line 145, in app
    await response(scope, receive, send)
  File "C:\Apps\KAD_Mobile\active_directory_mobile\.venv\Lib\site-packages\starlette\responses.py", line 352, in __call__
    raise RuntimeError(f"File at path {self.path} does not exist.")
RuntimeError: File at path C:\Apps\KAD_Mobile\active_directory_mobile\kad-pwa\dist\favicon.ico does not exist.
ERROR:    Exception in ASGI application
Traceback (most recent call last):
  File "C:\Apps\KAD_Mobile\active_directory_mobile\.venv\Lib\site-packages\starlette\responses.py", line 349, in __call__
    stat_result = await anyio.to_thread.run_sync(os.stat, self.path)
                  ^^^^^^^^^^^^^^^^^^^^^^^^^^^^^^^^^^^^^^^^^^^^^^^^^^
  File "C:\Apps\KAD_Mobile\active_directory_mobile\.venv\Lib\site-packages\anyio\to_thread.py", line 65, in run_sync
    return await get_async_backend().run_sync_in_worker_thread(
           ^^^^^^^^^^^^^^^^^^^^^^^^^^^^^^^^^^^^^^^^^^^^^^^^^^^^
  File "C:\Apps\KAD_Mobile\active_directory_mobile\.venv\Lib\site-packages\anyio\_backends\_asyncio.py", line 2641, in run_sync_in_worker_thread
    return await future
           ^^^^^^^^^^^^
  File "C:\Apps\KAD_Mobile\active_directory_mobile\.venv\Lib\site-packages\anyio\_backends\_asyncio.py", line 1033, in run
    result = context.run(func, *args)
             ^^^^^^^^^^^^^^^^^^^^^^^^
FileNotFoundError: [WinError 2] The system cannot find the file specified: 'C:\\Apps\\KAD_Mobile\\active_directory_mobile\\kad-pwa\\dist\\favicon.ico'

During handling of the above exception, another exception occurred:

Traceback (most recent call last):
  File "C:\Apps\KAD_Mobile\active_directory_mobile\.venv\Lib\site-packages\uvicorn\protocols\http\httptools_impl.py", line 422, in run_asgi
    result = await app(  # type: ignore[func-returns-value]
             ^^^^^^^^^^^^^^^^^^^^^^^^^^^^^^^^^^^^^^^^^^^^^^
  File "C:\Apps\KAD_Mobile\active_directory_mobile\.venv\Lib\site-packages\uvicorn\middleware\proxy_headers.py", line 63, in __call__
    return await self.app(scope, receive, send)
           ^^^^^^^^^^^^^^^^^^^^^^^^^^^^^^^^^^^^
  File "C:\Apps\KAD_Mobile\active_directory_mobile\.venv\Lib\site-packages\fastapi\applications.py", line 1163, in __call__
    await super().__call__(scope, receive, send)
  File "C:\Apps\KAD_Mobile\active_directory_mobile\.venv\Lib\site-packages\starlette\applications.py", line 90, in __call__
    await self.middleware_stack(scope, receive, send)
  File "C:\Apps\KAD_Mobile\active_directory_mobile\.venv\Lib\site-packages\starlette\middleware\errors.py", line 186, in __call__
    raise exc
  File "C:\Apps\KAD_Mobile\active_directory_mobile\.venv\Lib\site-packages\starlette\middleware\errors.py", line 164, in __call__
    await self.app(scope, receive, _send)
  File "C:\Apps\KAD_Mobile\active_directory_mobile\.venv\Lib\site-packages\starlette\middleware\cors.py", line 88, in __call__
    await self.app(scope, receive, send)
  File "C:\Apps\KAD_Mobile\active_directory_mobile\.venv\Lib\site-packages\starlette\middleware\exceptions.py", line 63, in __call__
    await wrap_app_handling_exceptions(self.app, conn)(scope, receive, send)
  File "C:\Apps\KAD_Mobile\active_directory_mobile\.venv\Lib\site-packages\starlette\_exception_handler.py", line 53, in wrapped_app
    raise exc
  File "C:\Apps\KAD_Mobile\active_directory_mobile\.venv\Lib\site-packages\starlette\_exception_handler.py", line 42, in wrapped_app
    await app(scope, receive, sender)
  File "C:\Apps\KAD_Mobile\active_directory_mobile\.venv\Lib\site-packages\fastapi\middleware\asyncexitstack.py", line 18, in __call__
    await self.app(scope, receive, send)
  File "C:\Apps\KAD_Mobile\active_directory_mobile\.venv\Lib\site-packages\starlette\routing.py", line 660, in __call__
    await self.middleware_stack(scope, receive, send)
  File "C:\Apps\KAD_Mobile\active_directory_mobile\.venv\Lib\site-packages\fastapi\routing.py", line 2734, in app
    await route.handle(scope, receive, send)
  File "C:\Apps\KAD_Mobile\active_directory_mobile\.venv\Lib\site-packages\fastapi\routing.py", line 1281, in handle
    await super().handle(scope, receive, send)
  File "C:\Apps\KAD_Mobile\active_directory_mobile\.venv\Lib\site-packages\starlette\routing.py", line 276, in handle
    await self.app(scope, receive, send)
  File "C:\Apps\KAD_Mobile\active_directory_mobile\.venv\Lib\site-packages\fastapi\routing.py", line 158, in app
    await wrap_app_handling_exceptions(app, request)(scope, receive, send)
  File "C:\Apps\KAD_Mobile\active_directory_mobile\.venv\Lib\site-packages\starlette\_exception_handler.py", line 53, in wrapped_app
    raise exc
  File "C:\Apps\KAD_Mobile\active_directory_mobile\.venv\Lib\site-packages\starlette\_exception_handler.py", line 42, in wrapped_app
    await app(scope, receive, sender)
  File "C:\Apps\KAD_Mobile\active_directory_mobile\.venv\Lib\site-packages\fastapi\routing.py", line 145, in app
    await response(scope, receive, send)
  File "C:\Apps\KAD_Mobile\active_directory_mobile\.venv\Lib\site-packages\starlette\responses.py", line 352, in __call__
    raise RuntimeError(f"File at path {self.path} does not exist.")
RuntimeError: File at path C:\Apps\KAD_Mobile\active_directory_mobile\kad-pwa\dist\favicon.ico does not exist.
ERROR:    Exception in ASGI application
Traceback (most recent call last):
  File "C:\Apps\KAD_Mobile\active_directory_mobile\.venv\Lib\site-packages\starlette\responses.py", line 349, in __call__
    stat_result = await anyio.to_thread.run_sync(os.stat, self.path)
                  ^^^^^^^^^^^^^^^^^^^^^^^^^^^^^^^^^^^^^^^^^^^^^^^^^^
  File "C:\Apps\KAD_Mobile\active_directory_mobile\.venv\Lib\site-packages\anyio\to_thread.py", line 65, in run_sync
    return await get_async_backend().run_sync_in_worker_thread(
           ^^^^^^^^^^^^^^^^^^^^^^^^^^^^^^^^^^^^^^^^^^^^^^^^^^^^
  File "C:\Apps\KAD_Mobile\active_directory_mobile\.venv\Lib\site-packages\anyio\_backends\_asyncio.py", line 2641, in run_sync_in_worker_thread
    return await future
           ^^^^^^^^^^^^
  File "C:\Apps\KAD_Mobile\active_directory_mobile\.venv\Lib\site-packages\anyio\_backends\_asyncio.py", line 1033, in run
    result = context.run(func, *args)
             ^^^^^^^^^^^^^^^^^^^^^^^^
FileNotFoundError: [WinError 2] The system cannot find the file specified: 'C:\\Apps\\KAD_Mobile\\active_directory_mobile\\kad-pwa\\dist\\favicon.ico'

During handling of the above exception, another exception occurred:

Traceback (most recent call last):
  File "C:\Apps\KAD_Mobile\active_directory_mobile\.venv\Lib\site-packages\uvicorn\protocols\http\httptools_impl.py", line 422, in run_asgi
    result = await app(  # type: ignore[func-returns-value]
             ^^^^^^^^^^^^^^^^^^^^^^^^^^^^^^^^^^^^^^^^^^^^^^
  File "C:\Apps\KAD_Mobile\active_directory_mobile\.venv\Lib\site-packages\uvicorn\middleware\proxy_headers.py", line 63, in __call__
    return await self.app(scope, receive, send)
           ^^^^^^^^^^^^^^^^^^^^^^^^^^^^^^^^^^^^
  File "C:\Apps\KAD_Mobile\active_directory_mobile\.venv\Lib\site-packages\fastapi\applications.py", line 1163, in __call__
    await super().__call__(scope, receive, send)
  File "C:\Apps\KAD_Mobile\active_directory_mobile\.venv\Lib\site-packages\starlette\applications.py", line 90, in __call__
    await self.middleware_stack(scope, receive, send)
  File "C:\Apps\KAD_Mobile\active_directory_mobile\.venv\Lib\site-packages\starlette\middleware\errors.py", line 186, in __call__
    raise exc
  File "C:\Apps\KAD_Mobile\active_directory_mobile\.venv\Lib\site-packages\starlette\middleware\errors.py", line 164, in __call__
    await self.app(scope, receive, _send)
  File "C:\Apps\KAD_Mobile\active_directory_mobile\.venv\Lib\site-packages\starlette\middleware\cors.py", line 88, in __call__
    await self.app(scope, receive, send)
  File "C:\Apps\KAD_Mobile\active_directory_mobile\.venv\Lib\site-packages\starlette\middleware\exceptions.py", line 63, in __call__
    await wrap_app_handling_exceptions(self.app, conn)(scope, receive, send)
  File "C:\Apps\KAD_Mobile\active_directory_mobile\.venv\Lib\site-packages\starlette\_exception_handler.py", line 53, in wrapped_app
    raise exc
  File "C:\Apps\KAD_Mobile\active_directory_mobile\.venv\Lib\site-packages\starlette\_exception_handler.py", line 42, in wrapped_app
    await app(scope, receive, sender)
  File "C:\Apps\KAD_Mobile\active_directory_mobile\.venv\Lib\site-packages\fastapi\middleware\asyncexitstack.py", line 18, in __call__
    await self.app(scope, receive, send)
  File "C:\Apps\KAD_Mobile\active_directory_mobile\.venv\Lib\site-packages\starlette\routing.py", line 660, in __call__
    await self.middleware_stack(scope, receive, send)
  File "C:\Apps\KAD_Mobile\active_directory_mobile\.venv\Lib\site-packages\fastapi\routing.py", line 2734, in app
    await route.handle(scope, receive, send)
  File "C:\Apps\KAD_Mobile\active_directory_mobile\.venv\Lib\site-packages\fastapi\routing.py", line 1281, in handle
    await super().handle(scope, receive, send)
  File "C:\Apps\KAD_Mobile\active_directory_mobile\.venv\Lib\site-packages\starlette\routing.py", line 276, in handle
    await self.app(scope, receive, send)
  File "C:\Apps\KAD_Mobile\active_directory_mobile\.venv\Lib\site-packages\fastapi\routing.py", line 158, in app
    await wrap_app_handling_exceptions(app, request)(scope, receive, send)
  File "C:\Apps\KAD_Mobile\active_directory_mobile\.venv\Lib\site-packages\starlette\_exception_handler.py", line 53, in wrapped_app
    raise exc
  File "C:\Apps\KAD_Mobile\active_directory_mobile\.venv\Lib\site-packages\starlette\_exception_handler.py", line 42, in wrapped_app
    await app(scope, receive, sender)
  File "C:\Apps\KAD_Mobile\active_directory_mobile\.venv\Lib\site-packages\fastapi\routing.py", line 145, in app
    await response(scope, receive, send)
  File "C:\Apps\KAD_Mobile\active_directory_mobile\.venv\Lib\site-packages\starlette\responses.py", line 352, in __call__
    raise RuntimeError(f"File at path {self.path} does not exist.")
RuntimeError: File at path C:\Apps\KAD_Mobile\active_directory_mobile\kad-pwa\dist\favicon.ico does not exist.
ERROR:    Exception in ASGI application
Traceback (most recent call last):
  File "C:\Apps\KAD_Mobile\active_directory_mobile\.venv\Lib\site-packages\starlette\responses.py", line 349, in __call__
    stat_result = await anyio.to_thread.run_sync(os.stat, self.path)
                  ^^^^^^^^^^^^^^^^^^^^^^^^^^^^^^^^^^^^^^^^^^^^^^^^^^
  File "C:\Apps\KAD_Mobile\active_directory_mobile\.venv\Lib\site-packages\anyio\to_thread.py", line 65, in run_sync
    return await get_async_backend().run_sync_in_worker_thread(
           ^^^^^^^^^^^^^^^^^^^^^^^^^^^^^^^^^^^^^^^^^^^^^^^^^^^^
  File "C:\Apps\KAD_Mobile\active_directory_mobile\.venv\Lib\site-packages\anyio\_backends\_asyncio.py", line 2641, in run_sync_in_worker_thread
    return await future
           ^^^^^^^^^^^^
  File "C:\Apps\KAD_Mobile\active_directory_mobile\.venv\Lib\site-packages\anyio\_backends\_asyncio.py", line 1033, in run
    result = context.run(func, *args)
             ^^^^^^^^^^^^^^^^^^^^^^^^
FileNotFoundError: [WinError 2] The system cannot find the file specified: 'C:\\Apps\\KAD_Mobile\\active_directory_mobile\\kad-pwa\\dist\\favicon.ico'

During handling of the above exception, another exception occurred:

Traceback (most recent call last):
  File "C:\Apps\KAD_Mobile\active_directory_mobile\.venv\Lib\site-packages\uvicorn\protocols\http\httptools_impl.py", line 422, in run_asgi
    result = await app(  # type: ignore[func-returns-value]
             ^^^^^^^^^^^^^^^^^^^^^^^^^^^^^^^^^^^^^^^^^^^^^^
  File "C:\Apps\KAD_Mobile\active_directory_mobile\.venv\Lib\site-packages\uvicorn\middleware\proxy_headers.py", line 63, in __call__
    return await self.app(scope, receive, send)
           ^^^^^^^^^^^^^^^^^^^^^^^^^^^^^^^^^^^^
  File "C:\Apps\KAD_Mobile\active_directory_mobile\.venv\Lib\site-packages\fastapi\applications.py", line 1163, in __call__
    await super().__call__(scope, receive, send)
  File "C:\Apps\KAD_Mobile\active_directory_mobile\.venv\Lib\site-packages\starlette\applications.py", line 90, in __call__
    await self.middleware_stack(scope, receive, send)
  File "C:\Apps\KAD_Mobile\active_directory_mobile\.venv\Lib\site-packages\starlette\middleware\errors.py", line 186, in __call__
    raise exc
  File "C:\Apps\KAD_Mobile\active_directory_mobile\.venv\Lib\site-packages\starlette\middleware\errors.py", line 164, in __call__
    await self.app(scope, receive, _send)
  File "C:\Apps\KAD_Mobile\active_directory_mobile\.venv\Lib\site-packages\starlette\middleware\cors.py", line 88, in __call__
    await self.app(scope, receive, send)
  File "C:\Apps\KAD_Mobile\active_directory_mobile\.venv\Lib\site-packages\starlette\middleware\exceptions.py", line 63, in __call__
    await wrap_app_handling_exceptions(self.app, conn)(scope, receive, send)
  File "C:\Apps\KAD_Mobile\active_directory_mobile\.venv\Lib\site-packages\starlette\_exception_handler.py", line 53, in wrapped_app
    raise exc
  File "C:\Apps\KAD_Mobile\active_directory_mobile\.venv\Lib\site-packages\starlette\_exception_handler.py", line 42, in wrapped_app
    await app(scope, receive, sender)
  File "C:\Apps\KAD_Mobile\active_directory_mobile\.venv\Lib\site-packages\fastapi\middleware\asyncexitstack.py", line 18, in __call__
    await self.app(scope, receive, send)
  File "C:\Apps\KAD_Mobile\active_directory_mobile\.venv\Lib\site-packages\starlette\routing.py", line 660, in __call__
    await self.middleware_stack(scope, receive, send)
  File "C:\Apps\KAD_Mobile\active_directory_mobile\.venv\Lib\site-packages\fastapi\routing.py", line 2734, in app
    await route.handle(scope, receive, send)
  File "C:\Apps\KAD_Mobile\active_directory_mobile\.venv\Lib\site-packages\fastapi\routing.py", line 1281, in handle
    await super().handle(scope, receive, send)
  File "C:\Apps\KAD_Mobile\active_directory_mobile\.venv\Lib\site-packages\starlette\routing.py", line 276, in handle
    await self.app(scope, receive, send)
  File "C:\Apps\KAD_Mobile\active_directory_mobile\.venv\Lib\site-packages\fastapi\routing.py", line 158, in app
    await wrap_app_handling_exceptions(app, request)(scope, receive, send)
  File "C:\Apps\KAD_Mobile\active_directory_mobile\.venv\Lib\site-packages\starlette\_exception_handler.py", line 53, in wrapped_app
    raise exc
  File "C:\Apps\KAD_Mobile\active_directory_mobile\.venv\Lib\site-packages\starlette\_exception_handler.py", line 42, in wrapped_app
    await app(scope, receive, sender)
  File "C:\Apps\KAD_Mobile\active_directory_mobile\.venv\Lib\site-packages\fastapi\routing.py", line 145, in app
    await response(scope, receive, send)
  File "C:\Apps\KAD_Mobile\active_directory_mobile\.venv\Lib\site-packages\starlette\responses.py", line 352, in __call__
    raise RuntimeError(f"File at path {self.path} does not exist.")
RuntimeError: File at path C:\Apps\KAD_Mobile\active_directory_mobile\kad-pwa\dist\favicon.ico does not exist.
ERROR:    Exception in ASGI application
Traceback (most recent call last):
  File "C:\Apps\KAD_Mobile\active_directory_mobile\.venv\Lib\site-packages\starlette\responses.py", line 349, in __call__
    stat_result = await anyio.to_thread.run_sync(os.stat, self.path)
                  ^^^^^^^^^^^^^^^^^^^^^^^^^^^^^^^^^^^^^^^^^^^^^^^^^^
  File "C:\Apps\KAD_Mobile\active_directory_mobile\.venv\Lib\site-packages\anyio\to_thread.py", line 65, in run_sync
    return await get_async_backend().run_sync_in_worker_thread(
           ^^^^^^^^^^^^^^^^^^^^^^^^^^^^^^^^^^^^^^^^^^^^^^^^^^^^
  File "C:\Apps\KAD_Mobile\active_directory_mobile\.venv\Lib\site-packages\anyio\_backends\_asyncio.py", line 2641, in run_sync_in_worker_thread
    return await future
           ^^^^^^^^^^^^
  File "C:\Apps\KAD_Mobile\active_directory_mobile\.venv\Lib\site-packages\anyio\_backends\_asyncio.py", line 1033, in run
    result = context.run(func, *args)
             ^^^^^^^^^^^^^^^^^^^^^^^^
FileNotFoundError: [WinError 2] The system cannot find the file specified: 'C:\\Apps\\KAD_Mobile\\active_directory_mobile\\kad-pwa\\dist\\favicon.ico'

During handling of the above exception, another exception occurred:

Traceback (most recent call last):
  File "C:\Apps\KAD_Mobile\active_directory_mobile\.venv\Lib\site-packages\uvicorn\protocols\http\httptools_impl.py", line 422, in run_asgi
    result = await app(  # type: ignore[func-returns-value]
             ^^^^^^^^^^^^^^^^^^^^^^^^^^^^^^^^^^^^^^^^^^^^^^
  File "C:\Apps\KAD_Mobile\active_directory_mobile\.venv\Lib\site-packages\uvicorn\middleware\proxy_headers.py", line 63, in __call__
    return await self.app(scope, receive, send)
           ^^^^^^^^^^^^^^^^^^^^^^^^^^^^^^^^^^^^
  File "C:\Apps\KAD_Mobile\active_directory_mobile\.venv\Lib\site-packages\fastapi\applications.py", line 1163, in __call__
    await super().__call__(scope, receive, send)
  File "C:\Apps\KAD_Mobile\active_directory_mobile\.venv\Lib\site-packages\starlette\applications.py", line 90, in __call__
    await self.middleware_stack(scope, receive, send)
  File "C:\Apps\KAD_Mobile\active_directory_mobile\.venv\Lib\site-packages\starlette\middleware\errors.py", line 186, in __call__
    raise exc
  File "C:\Apps\KAD_Mobile\active_directory_mobile\.venv\Lib\site-packages\starlette\middleware\errors.py", line 164, in __call__
    await self.app(scope, receive, _send)
  File "C:\Apps\KAD_Mobile\active_directory_mobile\.venv\Lib\site-packages\starlette\middleware\cors.py", line 88, in __call__
    await self.app(scope, receive, send)
  File "C:\Apps\KAD_Mobile\active_directory_mobile\.venv\Lib\site-packages\starlette\middleware\exceptions.py", line 63, in __call__
    await wrap_app_handling_exceptions(self.app, conn)(scope, receive, send)
  File "C:\Apps\KAD_Mobile\active_directory_mobile\.venv\Lib\site-packages\starlette\_exception_handler.py", line 53, in wrapped_app
    raise exc
  File "C:\Apps\KAD_Mobile\active_directory_mobile\.venv\Lib\site-packages\starlette\_exception_handler.py", line 42, in wrapped_app
    await app(scope, receive, sender)
  File "C:\Apps\KAD_Mobile\active_directory_mobile\.venv\Lib\site-packages\fastapi\middleware\asyncexitstack.py", line 18, in __call__
    await self.app(scope, receive, send)
  File "C:\Apps\KAD_Mobile\active_directory_mobile\.venv\Lib\site-packages\starlette\routing.py", line 660, in __call__
    await self.middleware_stack(scope, receive, send)
  File "C:\Apps\KAD_Mobile\active_directory_mobile\.venv\Lib\site-packages\fastapi\routing.py", line 2734, in app
    await route.handle(scope, receive, send)
  File "C:\Apps\KAD_Mobile\active_directory_mobile\.venv\Lib\site-packages\fastapi\routing.py", line 1281, in handle
    await super().handle(scope, receive, send)
  File "C:\Apps\KAD_Mobile\active_directory_mobile\.venv\Lib\site-packages\starlette\routing.py", line 276, in handle
    await self.app(scope, receive, send)
  File "C:\Apps\KAD_Mobile\active_directory_mobile\.venv\Lib\site-packages\fastapi\routing.py", line 158, in app
    await wrap_app_handling_exceptions(app, request)(scope, receive, send)
  File "C:\Apps\KAD_Mobile\active_directory_mobile\.venv\Lib\site-packages\starlette\_exception_handler.py", line 53, in wrapped_app
    raise exc
  File "C:\Apps\KAD_Mobile\active_directory_mobile\.venv\Lib\site-packages\starlette\_exception_handler.py", line 42, in wrapped_app
    await app(scope, receive, sender)
  File "C:\Apps\KAD_Mobile\active_directory_mobile\.venv\Lib\site-packages\fastapi\routing.py", line 145, in app
    await response(scope, receive, send)
  File "C:\Apps\KAD_Mobile\active_directory_mobile\.venv\Lib\site-packages\starlette\responses.py", line 352, in __call__
    raise RuntimeError(f"File at path {self.path} does not exist.")
RuntimeError: File at path C:\Apps\KAD_Mobile\active_directory_mobile\kad-pwa\dist\favicon.ico does not exist.
ERROR:    Exception in ASGI application
Traceback (most recent call last):
  File "C:\Apps\KAD_Mobile\active_directory_mobile\.venv\Lib\site-packages\starlette\responses.py", line 349, in __call__
    stat_result = await anyio.to_thread.run_sync(os.stat, self.path)
                  ^^^^^^^^^^^^^^^^^^^^^^^^^^^^^^^^^^^^^^^^^^^^^^^^^^
  File "C:\Apps\KAD_Mobile\active_directory_mobile\.venv\Lib\site-packages\anyio\to_thread.py", line 65, in run_sync
    return await get_async_backend().run_sync_in_worker_thread(
           ^^^^^^^^^^^^^^^^^^^^^^^^^^^^^^^^^^^^^^^^^^^^^^^^^^^^
  File "C:\Apps\KAD_Mobile\active_directory_mobile\.venv\Lib\site-packages\anyio\_backends\_asyncio.py", line 2641, in run_sync_in_worker_thread
    return await future
           ^^^^^^^^^^^^
  File "C:\Apps\KAD_Mobile\active_directory_mobile\.venv\Lib\site-packages\anyio\_backends\_asyncio.py", line 1033, in run
    result = context.run(func, *args)
             ^^^^^^^^^^^^^^^^^^^^^^^^
FileNotFoundError: [WinError 2] The system cannot find the file specified: 'C:\\Apps\\KAD_Mobile\\active_directory_mobile\\kad-pwa\\dist\\favicon.ico'

During handling of the above exception, another exception occurred:

Traceback (most recent call last):
  File "C:\Apps\KAD_Mobile\active_directory_mobile\.venv\Lib\site-packages\uvicorn\protocols\http\httptools_impl.py", line 422, in run_asgi
    result = await app(  # type: ignore[func-returns-value]
             ^^^^^^^^^^^^^^^^^^^^^^^^^^^^^^^^^^^^^^^^^^^^^^
  File "C:\Apps\KAD_Mobile\active_directory_mobile\.venv\Lib\site-packages\uvicorn\middleware\proxy_headers.py", line 63, in __call__
    return await self.app(scope, receive, send)
           ^^^^^^^^^^^^^^^^^^^^^^^^^^^^^^^^^^^^
  File "C:\Apps\KAD_Mobile\active_directory_mobile\.venv\Lib\site-packages\fastapi\applications.py", line 1163, in __call__
    await super().__call__(scope, receive, send)
  File "C:\Apps\KAD_Mobile\active_directory_mobile\.venv\Lib\site-packages\starlette\applications.py", line 90, in __call__
    await self.middleware_stack(scope, receive, send)
  File "C:\Apps\KAD_Mobile\active_directory_mobile\.venv\Lib\site-packages\starlette\middleware\errors.py", line 186, in __call__
    raise exc
  File "C:\Apps\KAD_Mobile\active_directory_mobile\.venv\Lib\site-packages\starlette\middleware\errors.py", line 164, in __call__
    await self.app(scope, receive, _send)
  File "C:\Apps\KAD_Mobile\active_directory_mobile\.venv\Lib\site-packages\starlette\middleware\cors.py", line 88, in __call__
    await self.app(scope, receive, send)
  File "C:\Apps\KAD_Mobile\active_directory_mobile\.venv\Lib\site-packages\starlette\middleware\exceptions.py", line 63, in __call__
    await wrap_app_handling_exceptions(self.app, conn)(scope, receive, send)
  File "C:\Apps\KAD_Mobile\active_directory_mobile\.venv\Lib\site-packages\starlette\_exception_handler.py", line 53, in wrapped_app
    raise exc
  File "C:\Apps\KAD_Mobile\active_directory_mobile\.venv\Lib\site-packages\starlette\_exception_handler.py", line 42, in wrapped_app
    await app(scope, receive, sender)
  File "C:\Apps\KAD_Mobile\active_directory_mobile\.venv\Lib\site-packages\fastapi\middleware\asyncexitstack.py", line 18, in __call__
    await self.app(scope, receive, send)
  File "C:\Apps\KAD_Mobile\active_directory_mobile\.venv\Lib\site-packages\starlette\routing.py", line 660, in __call__
    await self.middleware_stack(scope, receive, send)
  File "C:\Apps\KAD_Mobile\active_directory_mobile\.venv\Lib\site-packages\fastapi\routing.py", line 2734, in app
    await route.handle(scope, receive, send)
  File "C:\Apps\KAD_Mobile\active_directory_mobile\.venv\Lib\site-packages\fastapi\routing.py", line 1281, in handle
    await super().handle(scope, receive, send)
  File "C:\Apps\KAD_Mobile\active_directory_mobile\.venv\Lib\site-packages\starlette\routing.py", line 276, in handle
    await self.app(scope, receive, send)
  File "C:\Apps\KAD_Mobile\active_directory_mobile\.venv\Lib\site-packages\fastapi\routing.py", line 158, in app
    await wrap_app_handling_exceptions(app, request)(scope, receive, send)
  File "C:\Apps\KAD_Mobile\active_directory_mobile\.venv\Lib\site-packages\starlette\_exception_handler.py", line 53, in wrapped_app
    raise exc
  File "C:\Apps\KAD_Mobile\active_directory_mobile\.venv\Lib\site-packages\starlette\_exception_handler.py", line 42, in wrapped_app
    await app(scope, receive, sender)
  File "C:\Apps\KAD_Mobile\active_directory_mobile\.venv\Lib\site-packages\fastapi\routing.py", line 145, in app
    await response(scope, receive, send)
  File "C:\Apps\KAD_Mobile\active_directory_mobile\.venv\Lib\site-packages\starlette\responses.py", line 352, in __call__
    raise RuntimeError(f"File at path {self.path} does not exist.")
RuntimeError: File at path C:\Apps\KAD_Mobile\active_directory_mobile\kad-pwa\dist\favicon.ico does not exist.
ERROR:    Exception in ASGI application
Traceback (most recent call last):
  File "C:\Apps\KAD_Mobile\active_directory_mobile\.venv\Lib\site-packages\starlette\responses.py", line 349, in __call__
    stat_result = await anyio.to_thread.run_sync(os.stat, self.path)
                  ^^^^^^^^^^^^^^^^^^^^^^^^^^^^^^^^^^^^^^^^^^^^^^^^^^
  File "C:\Apps\KAD_Mobile\active_directory_mobile\.venv\Lib\site-packages\anyio\to_thread.py", line 65, in run_sync
    return await get_async_backend().run_sync_in_worker_thread(
           ^^^^^^^^^^^^^^^^^^^^^^^^^^^^^^^^^^^^^^^^^^^^^^^^^^^^
  File "C:\Apps\KAD_Mobile\active_directory_mobile\.venv\Lib\site-packages\anyio\_backends\_asyncio.py", line 2641, in run_sync_in_worker_thread
    return await future
           ^^^^^^^^^^^^
  File "C:\Apps\KAD_Mobile\active_directory_mobile\.venv\Lib\site-packages\anyio\_backends\_asyncio.py", line 1033, in run
    result = context.run(func, *args)
             ^^^^^^^^^^^^^^^^^^^^^^^^
FileNotFoundError: [WinError 2] The system cannot find the file specified: 'C:\\Apps\\KAD_Mobile\\active_directory_mobile\\kad-pwa\\dist\\favicon.ico'

During handling of the above exception, another exception occurred:

Traceback (most recent call last):
  File "C:\Apps\KAD_Mobile\active_directory_mobile\.venv\Lib\site-packages\uvicorn\protocols\http\httptools_impl.py", line 422, in run_asgi
    result = await app(  # type: ignore[func-returns-value]
             ^^^^^^^^^^^^^^^^^^^^^^^^^^^^^^^^^^^^^^^^^^^^^^
  File "C:\Apps\KAD_Mobile\active_directory_mobile\.venv\Lib\site-packages\uvicorn\middleware\proxy_headers.py", line 63, in __call__
    return await self.app(scope, receive, send)
           ^^^^^^^^^^^^^^^^^^^^^^^^^^^^^^^^^^^^
  File "C:\Apps\KAD_Mobile\active_directory_mobile\.venv\Lib\site-packages\fastapi\applications.py", line 1163, in __call__
    await super().__call__(scope, receive, send)
  File "C:\Apps\KAD_Mobile\active_directory_mobile\.venv\Lib\site-packages\starlette\applications.py", line 90, in __call__
    await self.middleware_stack(scope, receive, send)
  File "C:\Apps\KAD_Mobile\active_directory_mobile\.venv\Lib\site-packages\starlette\middleware\errors.py", line 186, in __call__
    raise exc
  File "C:\Apps\KAD_Mobile\active_directory_mobile\.venv\Lib\site-packages\starlette\middleware\errors.py", line 164, in __call__
    await self.app(scope, receive, _send)
  File "C:\Apps\KAD_Mobile\active_directory_mobile\.venv\Lib\site-packages\starlette\middleware\cors.py", line 88, in __call__
    await self.app(scope, receive, send)
  File "C:\Apps\KAD_Mobile\active_directory_mobile\.venv\Lib\site-packages\starlette\middleware\exceptions.py", line 63, in __call__
    await wrap_app_handling_exceptions(self.app, conn)(scope, receive, send)
  File "C:\Apps\KAD_Mobile\active_directory_mobile\.venv\Lib\site-packages\starlette\_exception_handler.py", line 53, in wrapped_app
    raise exc
  File "C:\Apps\KAD_Mobile\active_directory_mobile\.venv\Lib\site-packages\starlette\_exception_handler.py", line 42, in wrapped_app
    await app(scope, receive, sender)
  File "C:\Apps\KAD_Mobile\active_directory_mobile\.venv\Lib\site-packages\fastapi\middleware\asyncexitstack.py", line 18, in __call__
    await self.app(scope, receive, send)
  File "C:\Apps\KAD_Mobile\active_directory_mobile\.venv\Lib\site-packages\starlette\routing.py", line 660, in __call__
    await self.middleware_stack(scope, receive, send)
  File "C:\Apps\KAD_Mobile\active_directory_mobile\.venv\Lib\site-packages\fastapi\routing.py", line 2734, in app
    await route.handle(scope, receive, send)
  File "C:\Apps\KAD_Mobile\active_directory_mobile\.venv\Lib\site-packages\fastapi\routing.py", line 1281, in handle
    await super().handle(scope, receive, send)
  File "C:\Apps\KAD_Mobile\active_directory_mobile\.venv\Lib\site-packages\starlette\routing.py", line 276, in handle
    await self.app(scope, receive, send)
  File "C:\Apps\KAD_Mobile\active_directory_mobile\.venv\Lib\site-packages\fastapi\routing.py", line 158, in app
    await wrap_app_handling_exceptions(app, request)(scope, receive, send)
  File "C:\Apps\KAD_Mobile\active_directory_mobile\.venv\Lib\site-packages\starlette\_exception_handler.py", line 53, in wrapped_app
    raise exc
  File "C:\Apps\KAD_Mobile\active_directory_mobile\.venv\Lib\site-packages\starlette\_exception_handler.py", line 42, in wrapped_app
    await app(scope, receive, sender)
  File "C:\Apps\KAD_Mobile\active_directory_mobile\.venv\Lib\site-packages\fastapi\routing.py", line 145, in app
    await response(scope, receive, send)
  File "C:\Apps\KAD_Mobile\active_directory_mobile\.venv\Lib\site-packages\starlette\responses.py", line 352, in __call__
    raise RuntimeError(f"File at path {self.path} does not exist.")
RuntimeError: File at path C:\Apps\KAD_Mobile\active_directory_mobile\kad-pwa\dist\favicon.ico does not exist.
